--
-- PostgreSQL database dump
--

-- Dumped from database version 9.5.7
-- Dumped by pg_dump version 9.5.7

SET statement_timeout = 0;
SET lock_timeout = 0;
SET client_encoding = 'UTF8';
SET standard_conforming_strings = on;
SET check_function_bodies = false;
SET client_min_messages = warning;
SET row_security = off;

--
-- Name: plpgsql; Type: EXTENSION; Schema: -; Owner: 
--

CREATE EXTENSION IF NOT EXISTS plpgsql WITH SCHEMA pg_catalog;


--
-- Name: EXTENSION plpgsql; Type: COMMENT; Schema: -; Owner: 
--

COMMENT ON EXTENSION plpgsql IS 'PL/pgSQL procedural language';


SET search_path = public, pg_catalog;

SET default_tablespace = '';

SET default_with_oids = false;

--
-- Name: char_ep; Type: TABLE; Schema: public; Owner: vagrant
--

CREATE TABLE char_ep (
    charep_id integer NOT NULL,
    char_id integer,
    ep_id integer
);


ALTER TABLE char_ep OWNER TO vagrant;

--
-- Name: char_ep_charep_id_seq; Type: SEQUENCE; Schema: public; Owner: vagrant
--

CREATE SEQUENCE char_ep_charep_id_seq
    START WITH 1
    INCREMENT BY 1
    NO MINVALUE
    NO MAXVALUE
    CACHE 1;


ALTER TABLE char_ep_charep_id_seq OWNER TO vagrant;

--
-- Name: char_ep_charep_id_seq; Type: SEQUENCE OWNED BY; Schema: public; Owner: vagrant
--

ALTER SEQUENCE char_ep_charep_id_seq OWNED BY char_ep.charep_id;


--
-- Name: char_titles; Type: TABLE; Schema: public; Owner: vagrant
--

CREATE TABLE char_titles (
    chartitle_id integer NOT NULL,
    char_id integer,
    title_id integer
);


ALTER TABLE char_titles OWNER TO vagrant;

--
-- Name: char_titles_chartitle_id_seq; Type: SEQUENCE; Schema: public; Owner: vagrant
--

CREATE SEQUENCE char_titles_chartitle_id_seq
    START WITH 1
    INCREMENT BY 1
    NO MINVALUE
    NO MAXVALUE
    CACHE 1;


ALTER TABLE char_titles_chartitle_id_seq OWNER TO vagrant;

--
-- Name: char_titles_chartitle_id_seq; Type: SEQUENCE OWNED BY; Schema: public; Owner: vagrant
--

ALTER SEQUENCE char_titles_chartitle_id_seq OWNED BY char_titles.chartitle_id;


--
-- Name: characters; Type: TABLE; Schema: public; Owner: vagrant
--

CREATE TABLE characters (
    char_id integer NOT NULL,
    char_name character varying(100) NOT NULL,
    char_male boolean,
    char_house character varying(100),
    char_dead character varying(50)
);


ALTER TABLE characters OWNER TO vagrant;

--
-- Name: characters_char_id_seq; Type: SEQUENCE; Schema: public; Owner: vagrant
--

CREATE SEQUENCE characters_char_id_seq
    START WITH 1
    INCREMENT BY 1
    NO MINVALUE
    NO MAXVALUE
    CACHE 1;


ALTER TABLE characters_char_id_seq OWNER TO vagrant;

--
-- Name: characters_char_id_seq; Type: SEQUENCE OWNED BY; Schema: public; Owner: vagrant
--

ALTER SEQUENCE characters_char_id_seq OWNED BY characters.char_id;


--
-- Name: episodes; Type: TABLE; Schema: public; Owner: vagrant
--

CREATE TABLE episodes (
    ep_id integer NOT NULL,
    ep_season integer,
    ep_name character varying(100)
);


ALTER TABLE episodes OWNER TO vagrant;

--
-- Name: episodes_ep_id_seq; Type: SEQUENCE; Schema: public; Owner: vagrant
--

CREATE SEQUENCE episodes_ep_id_seq
    START WITH 1
    INCREMENT BY 1
    NO MINVALUE
    NO MAXVALUE
    CACHE 1;


ALTER TABLE episodes_ep_id_seq OWNER TO vagrant;

--
-- Name: episodes_ep_id_seq; Type: SEQUENCE OWNED BY; Schema: public; Owner: vagrant
--

ALTER SEQUENCE episodes_ep_id_seq OWNED BY episodes.ep_id;


--
-- Name: titles; Type: TABLE; Schema: public; Owner: vagrant
--

CREATE TABLE titles (
    title_id integer NOT NULL,
    title_name character varying(200)
);


ALTER TABLE titles OWNER TO vagrant;

--
-- Name: titles_title_id_seq; Type: SEQUENCE; Schema: public; Owner: vagrant
--

CREATE SEQUENCE titles_title_id_seq
    START WITH 1
    INCREMENT BY 1
    NO MINVALUE
    NO MAXVALUE
    CACHE 1;


ALTER TABLE titles_title_id_seq OWNER TO vagrant;

--
-- Name: titles_title_id_seq; Type: SEQUENCE OWNED BY; Schema: public; Owner: vagrant
--

ALTER SEQUENCE titles_title_id_seq OWNED BY titles.title_id;


--
-- Name: charep_id; Type: DEFAULT; Schema: public; Owner: vagrant
--

ALTER TABLE ONLY char_ep ALTER COLUMN charep_id SET DEFAULT nextval('char_ep_charep_id_seq'::regclass);


--
-- Name: chartitle_id; Type: DEFAULT; Schema: public; Owner: vagrant
--

ALTER TABLE ONLY char_titles ALTER COLUMN chartitle_id SET DEFAULT nextval('char_titles_chartitle_id_seq'::regclass);


--
-- Name: char_id; Type: DEFAULT; Schema: public; Owner: vagrant
--

ALTER TABLE ONLY characters ALTER COLUMN char_id SET DEFAULT nextval('characters_char_id_seq'::regclass);


--
-- Name: ep_id; Type: DEFAULT; Schema: public; Owner: vagrant
--

ALTER TABLE ONLY episodes ALTER COLUMN ep_id SET DEFAULT nextval('episodes_ep_id_seq'::regclass);


--
-- Name: title_id; Type: DEFAULT; Schema: public; Owner: vagrant
--

ALTER TABLE ONLY titles ALTER COLUMN title_id SET DEFAULT nextval('titles_title_id_seq'::regclass);


--
-- Data for Name: char_ep; Type: TABLE DATA; Schema: public; Owner: vagrant
--

COPY char_ep (charep_id, char_id, ep_id) FROM stdin;
1	1906	1
2	316	1
3	327	1
4	850	1
5	508	1
6	1551	1
7	937	1
8	388	1
9	925	1
10	1405	1
11	150	1
12	1648	1
13	264	1
14	1547	1
15	902	1
16	1854	1
17	875	1
18	63	1
19	939	1
20	183	1
21	1565	1
22	216	1
23	2016	1
24	1508	1
25	28	1
26	1746	1
27	678	1
28	836	1
29	1425	1
30	1474	1
31	998	1
32	508	2
33	1551	2
34	850	2
35	316	2
36	327	2
37	388	2
38	937	2
39	1405	2
40	1906	2
41	925	2
42	150	2
43	1648	2
44	1547	2
45	1782	2
46	264	2
47	902	2
48	1647	2
49	272	2
50	1854	2
51	63	2
52	939	2
53	1565	2
54	2016	2
55	183	2
56	852	2
57	1508	2
58	1146	2
59	1644	2
60	678	2
61	1425	2
62	685	2
63	836	2
64	473	2
65	635	2
66	796	2
67	1793	2
68	1812	2
69	1288	2
70	998	2
71	216	3
72	889	3
73	1275	3
74	1223	3
75	508	3
76	1551	3
77	850	3
78	316	3
79	388	3
80	327	3
81	937	3
82	1906	3
83	925	3
84	1648	3
85	150	3
86	1547	3
87	1782	3
88	264	3
89	902	3
90	1647	3
91	1854	3
92	939	3
93	473	3
94	1441	3
95	1565	3
96	836	3
97	832	3
98	1812	3
99	1288	3
100	1906	4
101	1724	4
102	508	4
103	1551	4
104	316	4
105	327	4
106	388	4
107	937	4
108	1405	4
109	1547	4
110	1648	4
111	150	4
112	1782	4
113	264	4
114	902	4
115	1854	4
116	272	4
117	1565	4
118	183	4
119	1054	4
120	1111	4
121	1508	4
122	1146	4
123	1746	4
124	1240	4
125	1353	4
126	836	4
127	1474	4
128	473	4
129	796	4
130	24	4
131	1886	4
132	1441	4
133	998	4
134	939	5
135	833	5
136	1240	5
137	1886	5
138	508	5
139	1551	5
140	850	5
141	316	5
142	327	5
143	1405	5
144	1648	5
145	1782	5
146	150	5
147	264	5
148	902	5
149	1647	5
150	1854	5
151	1565	5
152	272	5
153	183	5
154	2016	5
155	1111	5
156	1508	5
157	1146	5
158	1054	5
159	685	5
160	24	5
161	998	5
162	1812	5
163	1288	5
164	1888	6
165	851	6
166	1801	6
167	508	6
168	1551	6
169	850	6
170	327	6
171	388	6
172	937	6
173	1405	6
174	925	6
175	1782	6
176	902	6
177	1647	6
178	875	6
179	63	6
180	1865	6
181	183	6
182	1644	6
183	28	6
184	1508	6
185	852	6
186	1353	6
187	24	6
188	678	6
189	1425	6
190	836	6
191	473	6
192	1474	6
193	1441	6
194	1364	6
195	508	7
196	1746	7
197	1669	7
198	1226	7
199	1474	7
200	1441	7
201	1124	7
202	316	7
203	327	7
204	388	7
205	937	7
206	1405	7
207	925	7
208	1547	7
209	1648	7
210	150	7
211	1782	7
212	264	7
213	902	7
214	1647	7
215	1854	7
216	272	7
217	875	7
218	63	7
219	1565	7
220	1865	7
221	183	7
222	1644	7
223	1111	7
224	852	7
225	1353	7
226	678	7
227	1425	7
228	836	7
229	473	7
230	796	7
231	974	7
232	1540	7
233	1222	7
234	1364	7
235	1790	7
236	1474	8
237	1793	8
238	1854	8
239	327	8
240	850	8
241	316	8
242	388	8
243	1405	8
244	427	8
245	937	8
246	925	8
247	264	8
248	1547	8
249	1648	8
250	150	8
251	1782	8
252	1644	8
253	902	8
254	1647	8
255	1719	8
256	1206	8
257	875	8
258	272	8
259	1668	8
260	1565	8
261	361	8
262	1353	8
263	678	8
264	500	8
265	635	8
266	803	8
267	1041	8
268	473	8
269	836	8
270	796	8
271	24	8
272	852	8
273	1180	8
274	470	8
275	647	8
276	1222	8
277	1288	8
278	1812	8
279	96	8
280	1790	8
281	1146	9
282	927	9
283	316	9
284	850	9
285	327	9
286	388	9
287	937	9
288	1405	9
289	925	9
290	1547	9
291	1648	9
292	150	9
293	1782	9
294	264	9
295	902	9
296	1647	9
297	1854	9
298	875	9
299	1565	9
300	1865	9
301	2016	9
302	1644	9
303	1668	9
304	1353	9
305	24	9
306	832	9
307	678	9
308	1425	9
309	1226	9
310	836	9
311	1474	9
312	796	9
313	974	9
314	998	9
315	635	9
316	1041	9
317	1540	9
318	803	9
319	1222	9
320	508	10
321	1669	10
322	1226	10
323	1474	10
324	1441	10
325	1732	10
326	1016	10
327	316	10
328	850	10
329	327	10
330	388	10
331	937	10
332	1405	10
333	925	10
334	1547	10
335	1648	10
336	150	10
337	1782	10
338	902	10
339	1647	10
340	1854	10
341	272	10
342	875	10
343	1565	10
344	2016	10
345	1865	10
346	1644	10
347	28	10
348	1668	10
349	1938	10
350	832	10
351	678	10
352	1425	10
353	836	10
354	473	10
355	974	10
356	852	10
357	1790	10
358	947	10
359	1854	11
360	327	11
361	388	11
362	1405	11
363	937	11
364	925	11
365	427	11
366	1782	11
367	150	11
368	1719	11
369	1206	11
370	272	11
371	1644	11
372	1668	11
373	361	11
374	169	11
375	2016	11
376	848	11
377	678	11
378	500	11
379	635	11
380	852	11
381	473	11
382	836	11
383	803	11
384	1041	11
385	24	11
386	1601	11
387	1180	11
388	1636	11
389	647	11
390	238	11
391	1409	11
392	96	11
393	316	12
394	2016	12
395	1041	12
396	1790	12
397	631	12
398	1854	12
399	327	12
400	1405	12
401	925	12
402	1782	12
403	264	12
404	1648	12
405	150	12
406	1644	12
407	1152	12
408	875	12
409	272	12
410	1668	12
411	361	12
412	169	12
413	1508	12
414	635	12
415	848	12
416	1054	12
417	277	12
418	803	12
419	647	12
420	796	12
421	99	12
422	1413	12
423	1601	12
424	238	12
425	1288	12
426	1812	12
427	316	13
428	1854	13
429	388	13
430	1405	13
431	937	13
432	1865	13
433	427	13
434	902	13
435	1547	13
436	1648	13
437	150	13
438	1719	13
439	1206	13
440	1152	13
441	272	13
442	1647	13
443	1508	13
444	2006	13
445	1603	13
446	635	13
447	998	13
448	277	13
449	1423	13
450	473	13
451	836	13
452	803	13
453	1054	13
454	24	13
455	685	13
456	1222	13
457	470	13
458	1413	13
459	99	13
460	1508	14
461	1854	14
462	327	14
463	388	14
464	316	14
465	1405	14
466	937	14
467	925	14
468	427	14
469	1865	14
470	1644	14
471	1782	14
472	264	14
473	150	14
474	1152	14
475	875	14
476	1719	14
477	272	14
478	726	14
479	277	14
480	1565	14
481	1423	14
482	848	14
483	635	14
484	998	14
485	1440	14
486	678	14
487	1054	14
488	500	14
489	473	14
490	836	14
491	2006	14
492	796	14
493	803	14
494	1051	14
495	99	14
496	1443	14
497	1540	14
498	1288	14
499	1565	15
500	99	15
501	836	15
502	575	15
503	481	15
504	838	15
505	1446	15
506	1854	15
507	327	15
508	316	15
509	388	15
510	1405	15
511	925	15
512	1865	15
513	264	15
514	1547	15
515	1648	15
516	150	15
517	1782	15
518	902	15
519	1668	15
520	1647	15
521	1353	15
522	1603	15
523	2006	15
524	848	15
525	2011	15
526	277	15
527	1440	15
528	1222	15
529	1051	15
530	796	15
531	1288	15
532	1540	15
533	1812	15
534	1443	16
535	1813	16
536	1854	16
537	316	16
538	388	16
539	327	16
540	850	16
541	937	16
542	925	16
543	1865	16
544	264	16
545	1547	16
546	1648	16
547	150	16
548	1782	16
549	1668	16
550	1647	16
551	1423	16
552	2006	16
553	1353	16
554	1603	16
555	2011	16
556	277	16
557	1533	16
558	1051	16
559	796	16
560	685	16
561	1540	16
562	575	16
563	481	16
564	838	16
565	1446	16
566	1854	17
567	327	17
568	850	17
569	316	17
570	388	17
571	937	17
572	925	17
573	1865	17
574	427	17
575	902	17
576	264	17
577	1547	17
578	150	17
579	1782	17
580	1644	17
581	1719	17
582	1668	17
583	272	17
584	1353	17
585	1603	17
586	848	17
587	2011	17
588	1440	17
589	635	17
590	277	17
591	974	17
592	1533	17
593	678	17
594	500	17
595	803	17
596	24	17
597	1601	17
598	1479	17
599	796	17
600	238	17
601	1409	17
602	1540	17
603	685	17
604	1180	17
605	726	18
606	1180	18
607	832	18
608	1135	18
609	1854	18
610	327	18
611	1865	18
612	427	18
613	902	18
614	1648	18
615	1647	18
616	1719	18
617	272	18
618	1668	18
619	998	18
620	1054	18
621	470	18
622	1812	18
623	1409	18
624	1854	19
625	327	19
626	388	19
627	925	19
628	1547	19
629	937	19
630	316	19
631	1405	19
632	1865	19
633	427	19
634	1719	19
635	1206	19
636	1152	19
637	1644	19
638	902	19
639	1648	19
640	1668	19
641	2011	19
642	272	19
643	875	19
644	1134	19
645	1603	19
646	183	19
647	1054	19
648	24	19
649	1533	19
650	1636	19
651	678	19
652	500	19
653	1409	19
654	976	19
655	1231	19
656	361	19
657	1479	19
658	1222	19
659	655	19
660	1423	20
661	1440	20
662	2006	20
663	473	20
664	1479	20
665	1051	20
666	1513	20
667	1854	20
668	327	20
669	850	20
670	316	20
671	388	20
672	1405	20
673	937	20
674	925	20
675	1865	20
676	264	20
677	1547	20
678	1648	20
679	150	20
680	1782	20
681	1644	20
682	902	20
683	1152	20
684	1719	20
685	1206	20
686	1668	20
687	1353	20
688	848	20
689	277	20
690	2011	20
691	635	20
692	1054	20
693	24	20
694	678	20
695	500	20
696	803	20
697	1540	20
698	796	20
699	1409	20
700	1854	21
701	850	21
702	327	21
703	925	21
704	1547	21
705	316	21
706	1152	21
707	264	21
708	902	21
709	1648	21
710	150	21
711	1782	21
712	635	21
713	2011	21
714	1644	21
715	875	21
716	1668	21
717	1647	21
718	1134	21
719	935	21
720	1781	21
721	277	21
722	463	21
723	1353	21
724	1603	21
725	1484	21
726	1054	21
727	1187	21
728	803	21
729	1533	21
730	111	21
731	678	21
732	500	21
733	361	21
734	796	21
735	1540	21
736	444	21
737	444	22
738	633	22
739	806	22
740	1854	22
741	850	22
742	327	22
743	925	22
744	388	22
745	1547	22
746	937	22
747	316	22
748	1405	22
749	1719	22
750	1865	22
751	1206	22
752	1782	22
753	1644	22
754	150	22
755	635	22
756	2011	22
757	875	22
758	272	22
759	1647	22
760	1134	22
761	361	22
762	183	22
763	277	22
764	935	22
765	507	22
766	288	22
767	1781	22
768	463	22
769	1484	22
770	678	22
771	500	22
772	361	22
773	647	22
774	803	22
775	24	22
776	1409	22
777	111	22
778	976	22
779	1231	22
780	96	22
781	1166	22
782	1980	22
783	875	23
784	976	23
785	24	23
786	1854	23
787	850	23
788	327	23
789	388	23
790	937	23
791	316	23
792	1152	23
793	1782	23
794	1865	23
795	264	23
796	1648	23
797	150	23
798	635	23
799	1644	23
800	902	23
801	1647	23
802	361	23
803	183	23
804	1781	23
805	277	23
806	221	23
807	463	23
808	1484	23
809	647	23
810	500	23
811	678	23
812	1231	23
813	111	23
814	1533	24
815	1166	24
816	1980	24
817	1854	24
818	850	24
819	327	24
820	388	24
821	925	24
822	1547	24
823	937	24
824	316	24
825	1405	24
826	1865	24
827	1719	24
828	427	24
829	1152	24
830	150	24
831	1648	24
832	635	24
833	2011	24
834	1647	24
835	277	24
836	183	24
837	1603	24
838	1781	24
839	221	24
840	935	24
841	288	24
842	507	24
843	463	24
844	1054	24
845	1683	24
846	1231	24
847	680	24
848	111	24
849	1409	24
850	1331	24
851	24	25
852	1854	25
853	327	25
854	850	25
855	925	25
856	1547	25
857	316	25
858	1405	25
859	1865	25
860	1206	25
861	1782	25
862	264	25
863	1648	25
864	150	25
865	1644	25
866	635	25
867	902	25
868	2011	25
869	1668	25
870	277	25
871	1603	25
872	1781	25
873	221	25
874	935	25
875	1353	25
876	288	25
877	507	25
878	1484	25
879	647	25
880	1054	25
881	1187	25
882	111	25
883	796	25
884	1062	25
885	1540	25
886	1865	26
887	635	26
888	1668	26
889	2011	26
890	1647	26
891	221	26
892	1781	26
893	111	26
894	1896	26
895	1854	26
896	850	26
897	388	26
898	925	26
899	1547	26
900	937	26
901	316	26
902	1152	26
903	1206	26
904	264	26
905	1648	26
906	150	26
907	1782	26
908	902	26
909	272	26
910	935	26
911	277	26
912	463	26
913	1353	26
914	1603	26
915	288	26
916	507	26
917	183	26
918	1484	26
919	1187	26
920	1231	26
921	680	26
922	796	26
923	1284	26
924	1540	26
925	316	27
926	935	27
927	1062	27
928	1608	27
929	947	27
930	388	27
931	925	27
932	1547	27
933	937	27
934	1644	27
935	264	27
936	150	27
937	2011	27
938	1647	27
939	1938	27
940	183	27
941	288	27
942	1603	27
943	507	27
944	1353	27
945	1187	27
946	647	27
947	372	27
948	680	27
949	1231	27
950	796	27
951	1540	27
952	515	28
953	1417	28
954	1854	28
955	327	28
956	388	28
957	1865	28
958	937	28
959	1719	28
960	427	28
961	1206	28
962	1152	28
963	902	28
964	1648	28
965	150	28
966	1644	28
967	635	28
968	1668	28
969	1647	28
970	272	28
971	183	28
972	647	28
973	1054	28
974	372	28
975	680	28
976	1231	28
977	1409	28
978	1222	28
979	1865	29
980	2011	29
981	635	29
982	1647	29
983	1668	29
984	28	29
985	1425	29
986	1683	29
987	1854	29
988	850	29
989	327	29
990	388	29
991	925	29
992	937	29
993	427	29
994	1719	29
995	1206	29
996	264	29
997	1648	29
998	150	29
999	1782	29
1000	902	29
1001	1644	29
1002	1938	29
1003	169	29
1004	1603	29
1005	277	29
1006	183	29
1007	1484	29
1008	647	29
1009	1187	29
1010	1409	29
1011	372	29
1012	796	29
1013	1231	29
1014	680	29
1015	1413	30
1016	1854	30
1017	850	30
1018	327	30
1019	388	30
1020	925	30
1021	902	30
1022	1648	30
1023	1152	30
1024	1865	30
1025	150	30
1026	1644	30
1027	2011	30
1028	1647	30
1029	277	30
1030	272	30
1031	937	30
1032	1668	30
1033	1327	30
1034	526	30
1035	372	30
1036	183	30
1037	28	30
1038	63	30
1039	680	30
1040	1728	30
1041	1231	30
1042	852	30
1043	1409	30
1044	1222	30
1045	470	30
1046	1331	30
1047	1364	30
1048	96	30
1049	1123	30
1050	1123	30
1051	1755	31
1052	153	31
1053	1854	31
1054	850	31
1055	327	31
1056	1865	31
1057	1152	31
1058	427	31
1059	1719	31
1060	1206	31
1061	1782	31
1062	902	31
1063	264	31
1064	1648	31
1065	277	31
1066	1668	31
1067	1484	31
1068	272	31
1069	1327	31
1070	526	31
1071	1603	31
1072	463	31
1073	1116	31
1074	1054	31
1075	1187	31
1076	796	31
1077	1812	31
1078	1409	31
1079	1222	31
1080	470	31
1081	1683	31
1082	1284	31
1083	852	32
1084	678	32
1085	1425	32
1086	1854	32
1087	850	32
1088	327	32
1089	388	32
1090	925	32
1091	1405	32
1092	1152	32
1093	1644	32
1094	264	32
1095	1648	32
1096	277	32
1097	272	32
1098	937	32
1099	372	32
1100	183	32
1101	63	32
1102	463	32
1103	1231	32
1104	680	32
1105	1187	32
1106	796	32
1107	500	32
1108	361	32
1109	1812	32
1110	1409	32
1111	795	32
1112	1865	33
1113	1647	33
1114	2011	33
1115	1327	33
1116	28	33
1117	1728	33
1118	852	33
1119	678	33
1120	470	33
1121	1425	33
1122	1683	33
1123	1375	33
1124	1854	33
1125	850	33
1126	327	33
1127	388	33
1128	925	33
1129	1405	33
1130	1152	33
1131	427	33
1132	1719	33
1133	902	33
1134	1648	33
1135	150	33
1136	1644	33
1137	647	33
1138	937	33
1139	526	33
1140	372	33
1141	63	33
1142	680	33
1143	1409	33
1144	500	33
1145	1812	33
1146	1231	33
1147	1331	33
1148	1222	33
1149	791	33
1150	795	33
1151	1364	33
1152	96	33
1153	1123	33
1154	183	33
1155	463	34
1156	361	34
1157	850	34
1158	327	34
1159	388	34
1160	925	34
1161	1405	34
1162	1865	34
1163	1152	34
1164	264	34
1165	1648	34
1166	150	34
1167	1647	34
1168	277	34
1169	937	34
1170	1327	34
1171	372	34
1172	1111	34
1173	183	34
1174	1116	34
1175	1187	34
1176	1231	34
1177	680	34
1178	1812	34
1179	1409	34
1180	1054	34
1181	796	34
1182	678	34
1183	500	34
1184	468	34
1185	1386	34
1186	1636	35
1187	1854	35
1188	850	35
1189	327	35
1190	388	35
1191	1865	35
1192	1152	35
1193	427	35
1194	1719	35
1195	1782	35
1196	1484	35
1197	1668	35
1198	937	35
1199	1327	35
1200	183	35
1201	1840	35
1202	1116	35
1203	1231	35
1204	680	35
1205	1054	35
1206	1812	35
1207	1222	35
1208	791	35
1209	1284	35
1210	1484	36
1211	116	36
1212	1473	36
1213	468	36
1214	959	36
1215	241	36
1216	1266	36
1217	1854	36
1218	327	36
1219	850	36
1220	388	36
1221	1405	36
1222	925	36
1223	1865	36
1224	1644	36
1225	1782	36
1226	1648	36
1227	150	36
1228	2011	36
1229	647	36
1230	1647	36
1231	937	36
1232	1327	36
1233	526	36
1234	1603	36
1235	183	36
1236	1116	36
1237	1728	36
1238	680	36
1239	1231	36
1240	678	36
1241	500	36
1242	1425	36
1243	2018	36
1244	685	36
1245	2011	37
1246	28	37
1247	852	37
1248	678	37
1249	1728	37
1250	1425	37
1251	655	37
1252	462	37
1253	925	37
1254	1644	37
1255	647	37
1256	63	37
1257	500	37
1258	795	37
1259	1647	38
1260	1327	38
1261	1111	38
1262	852	38
1263	678	38
1264	1425	38
1265	1601	38
1266	803	38
1267	238	38
1268	1854	38
1269	850	38
1270	327	38
1271	388	38
1272	925	38
1273	1405	38
1274	1206	38
1275	1644	38
1276	1648	38
1277	150	38
1278	277	38
1279	272	38
1280	937	38
1281	372	38
1282	63	38
1283	500	38
1284	1409	38
1285	795	38
1286	685	38
1287	1364	38
1288	1865	39
1289	1125	39
1290	852	39
1291	2018	39
1292	1683	39
1293	1193	39
1294	1854	39
1295	850	39
1296	327	39
1297	388	39
1298	925	39
1299	1405	39
1300	1152	39
1301	1719	39
1302	427	39
1303	1206	39
1304	1644	39
1305	1648	39
1306	647	39
1307	277	39
1308	372	39
1309	1231	39
1310	1812	39
1311	1134	39
1312	63	39
1313	183	39
1314	1116	39
1315	680	39
1316	1054	39
1317	1409	39
1318	791	39
1319	500	39
1320	998	39
1321	1331	39
1322	1222	39
1323	974	39
1324	795	39
1325	253	39
1326	1865	40
1327	1647	40
1328	2011	40
1329	1668	40
1330	28	40
1331	852	40
1332	678	40
1333	1425	40
1334	1683	40
1335	1880	40
1336	1762	40
1337	655	40
1338	1854	40
1339	850	40
1340	327	40
1341	388	40
1342	925	40
1343	427	40
1344	1719	40
1345	1206	40
1346	1644	40
1347	264	40
1348	277	40
1349	183	40
1350	150	40
1351	1134	40
1352	1187	40
1353	796	40
1354	680	40
1355	1231	40
1356	500	40
1357	1409	40
1358	795	40
1359	685	40
1360	852	41
1361	1854	41
1362	327	41
1363	925	41
1364	1405	41
1365	1152	41
1366	1719	41
1367	427	41
1368	1782	41
1369	1648	41
1370	150	41
1371	1644	41
1372	277	41
1373	1812	41
1374	848	41
1375	1603	41
1376	937	41
1377	788	41
1378	63	41
1379	1116	41
1380	500	41
1381	1409	41
1382	1222	41
1383	998	41
1384	795	41
1385	1331	41
1386	1054	41
1387	1284	41
1388	1364	41
1389	253	41
1390	1386	41
1391	28	42
1392	852	42
1393	1683	42
1394	1044	42
1395	1762	42
1396	1854	42
1397	850	42
1398	327	42
1399	388	42
1400	925	42
1401	1405	42
1402	1719	42
1403	427	42
1404	526	42
1405	150	42
1406	1648	42
1407	272	42
1408	1644	42
1409	647	42
1410	277	42
1411	1231	42
1412	372	42
1413	848	42
1414	183	42
1415	63	42
1416	479	42
1417	680	42
1418	500	42
1419	1409	42
1420	1116	42
1421	791	42
1422	974	42
1423	1222	42
1424	795	42
1425	1288	42
1426	1834	42
1427	1364	42
1428	253	42
1429	1123	43
1430	1123	43
1431	1123	43
1432	1123	43
1433	1123	43
1434	1854	43
1435	850	43
1436	327	43
1437	388	43
1438	925	43
1439	1405	43
1440	1152	43
1441	1719	43
1442	1206	43
1443	526	43
1444	1644	43
1445	1648	43
1446	272	43
1447	372	43
1448	1231	43
1449	1812	43
1450	937	43
1451	788	43
1452	183	43
1453	1116	43
1454	680	43
1455	1222	43
1456	791	43
1457	998	43
1458	500	43
1459	1320	43
1460	1843	43
1461	1318	43
1462	1683	43
1463	795	43
1464	1054	43
1465	1331	43
1466	96	43
1467	1331	44
1468	941	44
1469	1854	44
1470	850	44
1471	327	44
1472	1405	44
1473	1152	44
1474	526	44
1475	150	44
1476	1648	44
1477	272	44
1478	1782	44
1479	1603	44
1480	848	44
1481	1812	44
1482	937	44
1483	788	44
1484	479	44
1485	1320	44
1486	1843	44
1487	1318	44
1488	1054	44
1489	998	44
1490	1834	44
1491	1288	44
1492	1284	44
1493	183	45
1494	1386	45
1495	1854	45
1496	388	45
1497	925	45
1498	1719	45
1499	427	45
1500	1206	45
1501	1782	45
1502	1644	45
1503	1648	45
1504	647	45
1505	372	45
1506	1231	45
1507	277	45
1508	1603	45
1509	937	45
1510	28	45
1511	63	45
1512	680	45
1513	791	45
1514	500	45
1515	1409	45
1516	1284	45
1517	1683	45
1518	795	45
1519	1364	45
1520	253	45
1521	28	46
1522	1854	46
1523	850	46
1524	327	46
1525	388	46
1526	925	46
1527	1405	46
1528	1152	46
1529	1719	46
1530	427	46
1531	1206	46
1532	1644	46
1533	1812	46
1534	647	46
1535	1782	46
1536	1648	46
1537	277	46
1538	272	46
1539	372	46
1540	937	46
1541	788	46
1542	63	46
1543	500	46
1544	1320	46
1545	1843	46
1546	1318	46
1547	1409	46
1548	791	46
1549	1288	46
1550	795	46
1551	998	46
1552	1364	46
1553	253	46
1554	1854	47
1555	327	47
1556	388	47
1557	925	47
1558	1648	47
1559	150	47
1560	1644	47
1561	647	47
1562	1782	47
1563	1231	47
1564	848	47
1565	1603	47
1566	937	47
1567	500	47
1568	795	47
1569	1840	48
1570	1683	48
1571	271	48
1572	1634	48
1573	188	48
1574	1854	48
1575	850	48
1576	388	48
1577	925	48
1578	1719	48
1579	427	48
1580	1206	48
1581	526	48
1582	150	48
1583	272	48
1584	1644	48
1585	848	48
1586	372	48
1587	1231	48
1588	937	48
1589	63	48
1590	479	48
1591	791	48
1592	1222	48
1593	1116	48
1594	500	48
1595	1320	48
1596	1843	48
1597	1318	48
1598	1288	48
1599	1834	48
1600	795	48
1601	1364	48
1602	253	48
1603	1222	49
1604	1284	49
1605	1288	49
1606	253	49
1607	1854	49
1608	850	49
1609	327	49
1610	388	49
1611	925	49
1612	1719	49
1613	427	49
1614	1206	49
1615	526	49
1616	150	49
1617	1648	49
1618	1644	49
1619	647	49
1620	272	49
1621	1231	49
1622	1782	49
1623	372	49
1624	277	49
1625	848	49
1626	937	49
1627	788	49
1628	63	49
1629	479	49
1630	680	49
1631	1409	49
1632	1320	49
1633	1843	49
1634	1318	49
1635	795	49
1636	974	49
1637	1834	49
1638	685	49
1639	1364	49
1640	1782	50
1641	680	50
1642	1116	50
1643	1751	50
1644	685	50
1645	1938	50
1646	1644	50
1647	1320	50
1648	277	50
1649	388	50
1650	850	50
1651	500	50
1652	427	50
1653	1854	50
1654	1152	50
1655	1231	50
1656	1481	50
1657	272	50
1658	1364	50
1659	974	50
1660	96	50
1661	1405	50
1662	937	50
1663	925	50
1664	327	50
1665	1318	50
1666	372	50
1667	1054	50
1668	1187	50
1669	1843	50
1670	1603	50
1671	507	50
1672	647	50
1673	796	50
1674	795	50
1675	115	50
1676	1540	50
1677	1409	50
1678	788	50
1679	288	50
1680	1834	50
1681	479	50
1682	998	50
1683	1200	50
1684	455	50
1685	63	50
1686	1353	50
1687	1648	50
1688	1206	50
1689	526	50
1690	150	50
1691	848	50
1692	264	50
1693	571	50
1694	1812	50
\.


--
-- Name: char_ep_charep_id_seq; Type: SEQUENCE SET; Schema: public; Owner: vagrant
--

SELECT pg_catalog.setval('char_ep_charep_id_seq', 1694, true);


--
-- Data for Name: char_titles; Type: TABLE DATA; Schema: public; Owner: vagrant
--

COPY char_titles (chartitle_id, char_id, title_id) FROM stdin;
1	1	251
2	2	251
3	3	251
4	5	251
5	5	412
6	6	251
7	6	409
8	8	251
9	16	372
10	17	372
11	18	372
12	20	251
13	22	251
14	23	55
15	24	440
16	24	55
17	26	251
18	27	251
19	28	447
20	29	372
21	29	219
22	29	362
23	30	372
24	33	233
25	34	111
26	34	330
27	36	25
28	38	435
29	39	185
30	39	357
31	41	251
32	46	251
33	47	436
34	50	168
35	51	418
36	52	24
37	53	190
38	60	374
39	60	243
40	63	251
41	64	189
42	65	440
43	65	55
44	65	2
45	70	440
46	72	251
47	72	409
48	74	251
49	75	89
50	76	251
51	78	251
52	84	199
53	85	347
54	85	413
55	85	315
56	85	242
57	86	368
58	93	440
59	98	448
60	98	243
61	99	251
62	99	395
63	100	251
64	101	238
65	102	251
66	103	251
67	104	251
68	105	380
69	106	54
70	106	18
71	106	355
72	107	251
73	108	162
74	109	89
75	112	440
76	113	63
77	115	410
78	116	417
79	117	251
80	118	251
81	122	280
82	123	251
83	124	251
84	125	251
85	127	251
86	127	28
87	128	298
88	130	78
89	134	251
90	135	89
91	137	251
92	137	27
93	138	391
94	141	251
95	142	251
96	143	49
97	146	251
98	147	298
99	147	373
100	147	7
101	149	411
102	150	298
103	151	85
104	151	101
105	153	251
106	153	23
107	153	274
108	154	390
109	155	372
110	156	234
111	156	172
112	157	149
113	158	447
114	159	251
115	160	440
116	161	251
117	162	195
118	162	219
119	162	243
120	167	251
121	171	41
122	172	361
123	176	41
124	176	243
125	178	251
126	183	251
127	183	34
128	183	155
129	184	198
130	185	341
131	185	407
132	190	89
133	191	230
134	202	251
135	203	118
136	204	435
137	205	251
138	205	408
139	206	438
140	210	251
141	210	95
142	211	251
143	212	41
144	213	251
145	216	209
146	219	251
147	221	115
148	229	42
149	230	411
150	231	133
151	232	341
152	232	407
153	233	440
154	234	311
155	241	209
156	247	251
157	247	395
158	251	251
159	252	273
160	253	325
161	253	202
162	254	241
163	254	14
164	255	279
165	257	393
166	257	341
167	260	341
168	260	407
169	261	341
170	261	407
171	263	406
172	264	147
173	268	447
174	272	251
175	272	356
176	274	251
177	276	290
178	276	179
179	278	179
180	278	290
181	282	251
182	286	251
183	287	251
184	287	243
185	287	127
186	288	251
187	288	256
188	288	320
189	290	251
190	291	251
191	292	251
192	293	251
193	295	89
194	297	447
195	305	74
196	306	435
197	307	280
198	307	446
199	312	251
200	314	41
201	315	447
202	316	183
203	317	435
204	320	41
205	327	142
206	327	309
207	327	219
208	327	166
209	327	184
210	328	251
211	329	251
212	330	251
213	331	251
214	332	129
215	333	251
216	334	251
217	335	156
218	336	360
219	337	251
220	338	141
221	339	251
222	340	251
223	341	251
224	342	185
225	342	425
226	345	447
227	346	251
228	353	251
229	353	139
230	354	251
231	355	444
232	356	251
233	356	64
234	358	252
235	359	251
236	363	347
237	363	413
238	363	155
239	363	192
240	363	242
241	364	251
242	366	251
243	368	447
244	370	251
245	370	409
246	370	243
247	373	341
248	373	407
249	373	243
250	378	298
251	378	134
252	379	298
253	380	251
254	381	298
255	382	105
256	382	353
257	382	275
258	383	251
259	383	105
260	383	353
261	383	275
262	384	372
263	384	412
264	384	176
265	384	305
266	384	303
267	384	219
268	385	298
269	387	298
270	388	392
271	388	419
272	388	259
273	388	92
274	388	56
275	388	276
276	388	312
277	389	331
278	390	372
279	390	251
280	392	195
281	392	114
282	393	322
283	395	327
284	395	270
285	396	251
286	399	377
287	405	424
288	406	251
289	407	205
290	407	251
291	408	251
292	408	119
293	409	240
294	409	86
295	409	22
296	413	292
297	414	251
298	415	440
299	422	251
300	424	251
301	424	22
302	427	251
303	427	384
304	427	250
305	427	243
306	430	333
307	431	447
308	434	251
309	436	269
310	437	251
311	437	244
312	438	251
313	439	251
314	442	251
315	445	339
316	446	411
317	447	251
318	460	126
319	463	251
320	464	251
321	465	251
322	467	25
323	468	251
324	468	10
325	470	251
326	471	341
327	471	407
328	474	411
329	478	251
330	479	304
331	479	363
332	482	251
333	483	311
334	485	251
335	485	409
336	486	145
337	488	306
338	488	177
339	490	451
340	494	435
341	496	393
342	496	341
343	497	68
344	498	251
345	499	89
346	502	251
347	503	266
348	503	294
349	503	243
350	504	426
351	505	393
352	505	341
353	506	251
354	507	251
355	507	87
356	507	319
357	508	341
358	508	407
359	508	243
360	508	219
361	508	83
362	509	251
363	510	393
364	510	341
365	513	341
366	513	407
367	514	25
368	517	225
369	517	251
370	519	251
371	519	36
372	522	251
373	523	298
374	527	251
375	528	298
376	533	337
377	534	8
378	536	251
379	540	251
380	542	251
381	546	266
382	549	251
383	551	132
384	551	286
385	553	165
386	555	11
387	556	447
388	557	272
389	562	251
390	563	41
391	564	291
392	565	41
393	566	393
394	566	341
395	567	62
396	568	251
397	569	317
398	569	163
399	570	32
400	572	292
401	579	367
402	581	271
403	583	173
404	583	186
405	584	251
406	585	251
407	586	251
408	588	447
409	591	135
410	593	251
411	596	435
412	597	251
413	598	381
414	599	251
415	601	251
416	602	230
417	605	372
418	607	435
419	609	26
420	611	251
421	613	251
422	613	365
423	617	213
424	617	251
425	620	251
426	622	364
427	623	251
428	625	251
429	625	46
430	627	214
431	628	390
432	629	188
433	630	233
434	631	251
435	632	217
436	633	440
437	634	251
438	634	430
439	635	251
440	638	401
441	640	240
442	640	86
443	640	22
444	641	89
445	642	251
446	643	251
447	643	409
448	644	251
449	646	129
450	648	251
451	649	251
452	650	251
453	651	251
454	651	165
455	653	318
456	653	378
457	653	310
458	653	77
459	656	251
460	657	251
461	657	112
462	660	50
463	661	390
464	664	144
465	665	235
466	666	251
467	668	447
468	671	235
469	674	411
470	685	251
471	685	31
472	687	400
473	687	131
474	691	447
475	692	150
476	693	251
477	695	364
478	697	394
479	698	251
480	699	435
481	700	251
482	701	251
483	702	251
484	703	435
485	705	281
486	706	251
487	708	251
488	715	414
489	715	204
490	715	37
491	716	425
492	726	89
493	726	230
494	727	379
495	728	251
496	730	233
497	731	251
498	732	251
499	732	64
500	733	431
501	737	251
502	738	251
503	740	13
504	740	164
505	740	76
506	740	264
507	744	178
508	745	21
509	747	447
510	748	435
511	755	251
512	755	277
513	755	394
514	756	136
515	757	251
516	758	251
517	759	251
518	759	409
519	760	251
520	761	397
521	763	222
522	765	128
523	767	251
524	767	400
525	770	251
526	771	251
527	774	180
528	774	251
529	774	243
530	774	176
531	774	140
532	775	447
533	779	251
534	779	348
535	780	447
536	781	55
537	782	251
538	787	127
539	788	182
540	788	385
541	788	97
542	788	248
543	792	178
544	797	251
545	799	251
546	800	288
547	801	251
548	805	251
549	806	294
550	806	266
551	807	449
552	808	251
553	809	251
554	810	299
555	811	321
556	812	251
557	813	251
558	813	280
559	814	300
560	814	257
561	815	181
562	816	193
563	817	251
564	818	251
565	819	251
566	820	12
567	821	251
568	822	251
569	823	447
570	824	251
571	824	432
572	827	251
573	828	251
574	832	251
575	832	121
576	833	267
577	835	251
578	835	301
579	837	251
580	837	88
581	837	412
582	837	89
583	841	372
584	842	298
585	842	55
586	845	308
587	847	251
588	850	251
589	850	409
590	850	335
591	851	251
592	851	191
593	852	412
594	852	207
595	853	251
596	856	251
597	857	251
598	857	240
599	857	86
600	857	22
601	858	453
602	859	251
603	860	143
604	860	305
605	861	9
606	861	3
607	861	258
608	868	251
609	872	134
610	872	3
611	872	258
612	872	236
613	875	293
614	875	127
615	883	55
616	883	443
617	885	311
618	885	324
619	887	411
620	888	55
621	888	183
622	890	185
623	890	197
624	894	280
625	895	251
626	897	166
627	898	311
628	901	251
629	903	402
630	905	251
631	906	251
632	907	120
633	907	251
634	908	354
635	909	251
636	911	343
637	911	243
638	911	29
639	912	9
640	912	3
641	912	258
642	912	243
643	915	251
644	917	251
645	918	447
646	920	178
647	921	251
648	922	251
649	923	405
650	924	393
651	924	341
652	925	127
653	927	151
654	928	341
655	928	407
656	929	393
657	929	341
658	930	390
659	931	251
660	933	41
661	934	447
662	937	251
663	937	255
664	938	251
665	939	263
666	946	447
667	947	33
668	950	251
669	956	382
670	957	233
671	960	447
672	962	251
673	962	53
674	966	251
675	967	411
676	970	251
677	974	251
678	974	305
679	974	192
680	974	219
681	982	251
682	985	251
683	986	447
684	988	130
685	990	251
686	992	251
687	998	251
688	998	268
689	1002	137
690	1005	428
691	1006	207
692	1006	247
693	1015	251
694	1016	223
695	1017	164
696	1017	76
697	1017	442
698	1017	358
699	1017	264
700	1018	278
701	1020	440
702	1023	251
703	1024	15
704	1026	251
705	1030	79
706	1032	372
707	1032	251
708	1037	420
709	1037	57
710	1037	84
711	1037	117
712	1037	404
713	1040	251
714	1042	447
715	1044	342
716	1046	251
717	1048	251
718	1048	44
719	1049	251
720	1053	447
721	1054	251
722	1054	19
723	1055	89
724	1058	251
725	1060	251
726	1061	251
727	1062	349
728	1063	251
729	1065	251
730	1068	251
731	1069	89
732	1070	41
733	1071	89
734	1074	41
735	1075	89
736	1079	251
737	1082	164
738	1082	76
739	1082	442
740	1082	358
741	1082	264
742	1084	251
743	1086	338
744	1087	89
745	1087	176
746	1088	89
747	1089	251
748	1090	268
749	1091	346
750	1092	453
751	1094	251
752	1096	251
753	1097	251
754	1098	251
755	1098	81
756	1098	403
757	1098	437
758	1099	251
759	1100	328
760	1101	251
761	1101	125
762	1103	251
763	1104	164
764	1104	76
765	1104	442
766	1104	358
767	1104	264
768	1105	207
769	1105	305
770	1105	243
771	1111	6
772	1114	423
773	1116	76
774	1116	442
775	1116	358
776	1116	264
777	1116	243
778	1116	260
779	1118	226
780	1119	372
781	1124	265
782	1126	251
783	1127	233
784	1128	251
785	1129	230
786	1131	251
787	1133	251
788	1135	251
789	1136	251
790	1137	251
791	1137	313
792	1139	251
793	1142	148
794	1145	194
795	1148	251
796	1149	251
797	1151	251
798	1151	40
799	1152	276
800	1155	304
801	1156	371
802	1156	369
803	1159	127
804	1160	251
805	1161	334
806	1164	372
807	1167	251
808	1168	435
809	1170	440
810	1177	43
811	1178	251
812	1181	251
813	1184	294
814	1184	266
815	1186	141
816	1191	447
817	1192	447
818	1194	123
819	1198	25
820	1205	251
821	1207	233
822	1208	447
823	1212	41
824	1216	251
825	1220	411
826	1221	251
827	1222	251
828	1224	411
829	1226	227
830	1226	254
831	1227	25
832	1228	396
833	1233	435
834	1237	347
835	1237	413
836	1238	347
837	1238	413
838	1239	113
839	1241	433
840	1243	25
841	1244	251
842	1245	369
843	1246	251
844	1247	311
845	1252	445
846	1252	304
847	1253	89
848	1255	251
849	1257	449
850	1260	251
851	1261	440
852	1264	447
853	1265	230
854	1269	251
855	1269	261
856	1271	447
857	1274	41
858	1274	243
859	1276	447
860	1277	251
861	1280	251
862	1282	251
863	1283	243
864	1286	282
865	1288	298
866	1291	298
867	1293	129
868	1293	171
869	1300	298
870	1300	55
871	1302	244
872	1302	196
873	1305	226
874	1307	203
875	1308	435
876	1309	152
877	1311	12
878	1312	59
879	1313	435
880	1314	298
881	1314	55
882	1315	25
883	1316	447
884	1317	435
885	1321	311
886	1326	41
887	1327	372
888	1327	251
889	1329	251
890	1330	345
891	1334	96
892	1336	127
893	1337	251
894	1338	267
895	1339	251
896	1341	447
897	1343	251
898	1344	163
899	1345	251
900	1346	251
901	1349	54
902	1349	218
903	1349	18
904	1350	233
905	1351	210
906	1351	375
907	1351	305
908	1351	243
909	1352	380
910	1354	251
911	1354	216
912	1355	81
913	1355	403
914	1355	243
915	1356	41
916	1358	251
917	1360	251
918	1362	89
919	1364	262
920	1365	251
921	1366	251
922	1372	251
923	1373	251
924	1377	251
925	1377	243
926	1378	251
927	1383	251
928	1389	290
929	1389	179
930	1394	246
931	1394	104
932	1394	70
933	1394	242
934	1397	251
935	1399	163
936	1400	251
937	1400	290
938	1400	179
939	1401	251
940	1402	441
941	1403	89
942	1405	51
943	1405	294
944	1405	207
945	1405	30
946	1408	230
947	1411	311
948	1411	324
949	1413	395
950	1414	251
951	1422	251
952	1423	67
953	1426	447
954	1427	447
955	1428	233
956	1432	251
957	1435	352
958	1436	411
959	1437	89
960	1437	37
961	1437	243
962	1438	158
963	1439	127
964	1441	425
965	1447	100
966	1449	270
967	1449	327
968	1450	420
969	1450	57
970	1450	84
971	1450	117
972	1450	404
973	1451	251
974	1452	89
975	1456	45
976	1457	251
977	1459	251
978	1459	224
979	1464	247
980	1467	372
981	1467	251
982	1471	80
983	1473	90
984	1473	39
985	1474	185
986	1474	357
987	1476	60
988	1480	129
989	1481	366
990	1481	375
991	1481	305
992	1482	52
993	1483	89
994	1484	431
995	1484	341
996	1484	102
997	1485	251
998	1486	251
999	1487	390
1000	1488	41
1001	1489	268
1002	1490	251
1003	1491	251
1004	1493	251
1005	1495	251
1006	1496	251
1007	1500	206
1008	1501	269
1009	1503	163
1010	1506	239
1011	1507	416
1012	1508	403
1013	1508	81
1014	1508	305
1015	1508	353
1016	1510	298
1017	1511	195
1018	1512	195
1019	1512	251
1020	1514	298
1021	1514	55
1022	1514	2
1023	1515	298
1024	1516	440
1025	1517	298
1026	1517	25
1027	1518	55
1028	1519	298
1029	1520	298
1030	1522	161
1031	1524	271
1032	1526	251
1033	1527	75
1034	1528	251
1035	1529	251
1036	1532	251
1037	1533	136
1038	1534	435
1039	1537	341
1040	1537	407
1041	1539	251
1042	1540	147
1043	1540	332
1044	1541	251
1045	1542	251
1046	1543	251
1047	1545	9
1048	1545	3
1049	1545	258
1050	1546	251
1051	1546	409
1052	1548	251
1053	1552	98
1054	1554	127
1055	1557	89
1056	1558	251
1057	1560	251
1058	1560	170
1059	1562	251
1060	1563	127
1061	1564	393
1062	1565	251
1063	1565	399
1064	1565	439
1065	1567	388
1066	1568	25
1067	1569	429
1068	1569	421
1069	1569	232
1070	1569	16
1071	1570	251
1072	1570	422
1073	1574	341
1074	1574	407
1075	1576	69
1076	1579	251
1077	1580	211
1078	1580	160
1079	1580	166
1080	1581	228
1081	1582	251
1082	1583	251
1083	1585	251
1084	1585	326
1085	1585	454
1086	1585	159
1087	1588	251
1088	1589	251
1089	1589	146
1090	1589	82
1091	1591	251
1092	1591	344
1093	1591	90
1094	1593	251
1095	1597	447
1096	1598	253
1097	1599	251
1098	1599	287
1099	1603	91
1100	1603	407
1101	1606	110
1102	1609	387
1103	1609	230
1104	1609	89
1105	1609	243
1106	1611	251
1107	1611	295
1108	1612	103
1109	1613	127
1110	1614	251
1111	1615	233
1112	1618	251
1113	1619	435
1114	1620	251
1115	1621	251
1116	1623	251
1117	1623	409
1118	1623	243
1119	1633	251
1120	1635	251
1121	1636	359
1122	1636	4
1123	1638	298
1124	1640	251
1125	1643	251
1126	1643	289
1127	1648	298
1128	1650	440
1129	1655	25
1130	1657	427
1131	1658	450
1132	1658	109
1133	1659	41
1134	1660	89
1135	1662	5
1136	1664	415
1137	1665	73
1138	1666	251
1139	1667	440
1140	1667	55
1141	1674	272
1142	1676	292
1143	1682	212
1144	1683	298
1145	1686	251
1146	1687	251
1147	1692	215
1148	1696	127
1149	1708	48
1150	1712	251
1151	1714	251
1152	1715	251
1153	1717	81
1154	1717	403
1155	1720	89
1156	1721	251
1157	1722	251
1158	1722	44
1159	1723	251
1160	1728	231
1161	1730	69
1162	1732	251
1163	1734	285
1164	1735	245
1165	1736	94
1166	1737	66
1167	1739	251
1168	1739	154
1169	1743	251
1170	1743	38
1171	1744	251
1172	1744	1
1173	1746	249
1174	1752	251
1175	1757	251
1176	1760	311
1177	1761	342
1178	1762	400
1179	1763	336
1180	1766	251
1181	1767	251
1182	1769	370
1183	1770	435
1184	1770	239
1185	1771	251
1186	1771	47
1187	1772	447
1188	1776	58
1189	1777	251
1190	1778	421
1191	1778	169
1192	1778	434
1193	1780	187
1194	1782	147
1195	1782	316
1196	1782	237
1197	1788	251
1198	1790	208
1199	1791	383
1200	1798	251
1201	1803	251
1202	1804	174
1203	1806	41
1204	1808	283
1205	1808	201
1206	1809	376
1207	1809	108
1208	1809	61
1209	1809	398
1210	1809	307
1211	1809	314
1212	1815	229
1213	1816	447
1214	1820	127
1215	1821	220
1216	1823	251
1217	1825	251
1218	1826	452
1219	1827	329
1220	1828	340
1221	1831	251
1222	1833	447
1223	1834	372
1224	1837	251
1225	1838	251
1226	1841	251
1227	1841	240
1228	1841	86
1229	1841	22
1230	1844	251
1231	1844	242
1232	1844	176
1233	1844	243
1234	1845	251
1235	1851	72
1236	1852	251
1237	1852	162
1238	1853	251
1239	1854	116
1240	1854	122
1241	1854	389
1242	1855	251
1243	1858	251
1244	1858	280
1245	1859	240
1246	1859	86
1247	1859	22
1248	1862	251
1249	1862	27
1250	1865	240
1251	1865	86
1252	1865	22
1253	1865	243
1254	1865	107
1255	1868	251
1256	1869	25
1257	1877	71
1258	1879	444
1259	1880	251
1260	1881	41
1261	1882	435
1262	1884	251
1263	1886	251
1264	1886	221
1265	1887	35
1266	1889	372
1267	1889	284
1268	1890	207
1269	1892	297
1270	1893	270
1271	1893	327
1272	1894	386
1273	1894	138
1274	1897	296
1275	1897	200
1276	1899	251
1277	1900	89
1278	1901	251
1279	1901	99
1280	1902	55
1281	1902	2
1282	1903	263
1283	1904	447
1284	1906	350
1285	1906	419
1286	1906	219
1287	1923	20
1288	1924	435
1289	1925	251
1290	1928	251
1291	1929	393
1292	1929	341
1293	1932	447
1294	1933	65
1295	1938	175
1296	1949	251
1297	1952	447
1298	1954	251
1299	1957	251
1300	1958	251
1301	1960	251
1302	1961	251
1303	1968	251
1304	1972	447
1305	1973	251
1306	1973	263
1307	1974	251
1308	1975	351
1309	1976	251
1310	1976	93
1311	1978	251
1312	1979	341
1313	1979	407
1314	1981	435
1315	1982	124
1316	1984	251
1317	1986	251
1318	1989	251
1319	1999	251
1320	2001	302
1321	2001	17
1322	2001	153
1323	2001	323
1324	2001	157
1325	2001	106
1326	2002	251
1327	2015	447
1328	2018	167
1329	2020	435
1330	2022	311
\.


--
-- Name: char_titles_chartitle_id_seq; Type: SEQUENCE SET; Schema: public; Owner: vagrant
--

SELECT pg_catalog.setval('char_titles_chartitle_id_seq', 1330, true);


--
-- Data for Name: characters; Type: TABLE DATA; Schema: public; Owner: vagrant
--

COPY characters (char_id, char_name, char_male, char_house, char_dead) FROM stdin;
316	Catelyn Stark	f	House Tully	Totally
1041	Lommy Greenhands	f	No Affiliation	Totally
1865	Tywin Lannister	t	House Lannister	Totally
483	Drogo	t	No Affiliation	Totally
1288	Myrcella Baratheon	f	House Baratheon of King's Landing	Totally
1719	Stannis Baratheon	t	House Baratheon of Dragonstone	Totally
1508	Renly Baratheon	t	House Baratheon	Totally
1275	Mycah	t	No Affiliation	Totally
882	Jeyne Poole	f	House Poole	Totally
169	Balon Greyjoy	t	House Greyjoy	Totally
939	Jory Cassel	t	House Cassel	Totally
385	Daenerys Targaryen (daughter of Aegon IV)	f	House Targaryen	Totally
1908	Viserys II Targaryen	t	House Targaryen	Totally
155	Baelon Targaryen (son of Viserys I)	t	House Targaryen	Totally
157	Baelon Targaryen (son of Aerys)	f	House Targaryen	Totally
160	Baela Targaryen	f	House Targaryen	Totally
162	Baelor Targaryen (son of Daeron II)	t	House Targaryen	Totally
163	Baelor I Targaryen	t	House Targaryen	Totally
198	Belwas	t	House Targaryen	Totally
381	Daella Targaryen (daughter of Maekar I)	t	House Targaryen	Totally
384	Daemon Targaryen	t	House Targaryen	Totally
386	Daeron I Targaryen	t	House Targaryen	Totally
387	Daena Targaryen	f	House Targaryen	Totally
390	Daeron Targaryen (son of Viserys I)	t	House Targaryen	Totally
391	Daeron II Targaryen	t	House Targaryen	Totally
392	Daeron Targaryen (son of Maekar I)	t	House Targaryen	Totally
490	Duncan Targaryen	t	House Targaryen	Totally
523	Elaena Targaryen	f	House Targaryen	Totally
724	Haldon	t	House Targaryen	Totally
833	Illyrio Mopatis	t	House Targaryen	Totally
836	Irri	f	House Targaryen	Totally
841	Jaehaerys Targaryen (son of Aegon II)	t	House Targaryen	Totally
842	Jaehaera Targaryen	t	House Targaryen	Totally
846	Jaehaerys I Targaryen	t	House Targaryen	Totally
890	Jhogo	t	House Targaryen	Totally
843	Jaehaerys II Targaryen	t	House Targaryen	Totally
889	Jhiqui	f	House Targaryen	Totally
1119	Maelor Targaryen	t	House Targaryen	Totally
1120	Maegor I Targaryen	t	House Targaryen	Totally
1164	Matarys Targaryen	t	House Targaryen	Totally
1300	Naerys Targaryen	f	House Targaryen	Totally
1510	Rhae Targaryen	f	House Targaryen	Totally
1511	Rhaegel Targaryen	t	House Targaryen	Totally
1513	Rhaego	t	House Targaryen	Totally
1514	Rhaella Targaryen	t	House Targaryen	Totally
1515	Rhaelle Targaryen	f	House Targaryen	Totally
1516	Rhaena Targaryen (daughter of Daemon)	f	House Targaryen	Totally
1517	Rhaena Targaryen (daughter of Aegon III)	f	House Targaryen	Totally
1518	Rhaenys Targaryen	t	House Targaryen	Totally
1519	Rhaenys Targaryen (daughter of Rhaegar)	f	House Targaryen	Totally
1520	Rhaenys Targaryen (daughter of Aemon)	f	House Targaryen	Totally
1638	Saera Targaryen	t	House Targaryen	Totally
1740	Symon Stripeback	t	House Targaryen	Totally
1748	Tal Toraq	t	House Targaryen	Totally
1907	Viserys I Targaryen	t	House Targaryen	Totally
2005	Yandry	t	House Targaryen	Totally
2012	Yorkel	t	House Targaryen	Totally
1906	Viserys Targaryen	t	House Targaryen	Totally
1902	Visenya Targaryen	f	House Targaryen	Totally
1052	Loreza Sand	f	House Martell	Totally
1320	Obara Sand	f	House Martell	Totally
1327	Oberyn Martell	t	House Martell	Totally
1467	Quentyn Martell	t	House Martell	Totally
1054	Loras Tyrell	t	House Tyrell	Totally
615	Garrett Flowers	f	House Tyrell	Totally
616	Garse Flowers	t	House Tyrell	Totally
629	Garth Tyrell	t	House Tyrell	Totally
740	Harlen Tyrell	t	House Tyrell	Totally
1082	Luthor Tyrell	t	House Tyrell	Totally
1084	Luthor Tyrell (son of Moryn)	t	House Tyrell	Totally
1085	Luthor Tyrell (son of Theodore)	t	House Tyrell	Totally
2	Addam Frey	t	House Frey	Totally
9	Aegon Frey (son of Aenys)	t	House Frey	Totally
532	Elmar Frey	t	House Frey	Totally
1214	Merianne Frey	f	House Frey	Totally
1225	Merrett Frey	t	House Frey	Totally
1509	Rhaegar Frey	t	House Frey	Totally
1753	Symond Frey	t	House Frey	Totally
1766	Theo Frey	t	House Frey	Totally
1848	Tysane Frey	f	House Frey	Totally
1850	Tyta Frey	f	House Frey	Totally
1853	Tytos Frey	t	House Frey	Totally
1855	Tywin Frey	t	House Frey	Totally
1961	Whalen Frey	t	House Frey	Totally
1977	Willem Frey	t	House Frey	Totally
2024	Zachery Frey	t	House Frey	Totally
1909	Walda Frey (daughter of Edwyn)	f	House Frey	Totally
1910	Walda Frey (daughter of Lothar)	f	House Frey	Totally
1231	Missandei	f	House Targaryen	Not yet
388	Daenerys Targaryen	f	House Targaryen	Not yet
508	Eddard Stark	t	House Stark	Totally
1540	Rickon Stark	t	House Stark	Totally
1	Abelar Hightower	t	House Hightower	Unknown
1547	Robb Stark	t	House Stark	Totally
4	Addam Osgrey	t	House Osgrey	Unknown
5	Addam Marbrand	t	House Marbrand	Unknown
6	Addison Hill	t	House Swyft	Unknown
7	Aegon Blackfyre	t	House Blackfyre	Unknown
8	Addam Velaryon	t	House Velaryon	Unknown
115	Areo Hotah	t	House Martell	Totally
128	Arianne Martell	f	House Martell	Totally
132	Arryk (guard)	t	House Tyrell	Totally
114	Androw Frey	t	House Frey	Totally
1911	Walda Frey (daughter of Walton)	f	House Frey	Totally
111	Anguy	t	Brotherhood without banners	Unknown
112	Annara Farring	f	House Farring	Unknown
113	Ardrian Celtigar	t	House Celtigar	Unknown
116	Anya Waynwood	f	House Waynwood	Unknown
117	Argrave the Defiant	t	House Butterwell	Unknown
118	Archibald Yronwood	t	House Yronwood	Unknown
119	Argilac	t	House Durrandon	Unknown
121	Arianne of Tarth	f	House Tarth	Unknown
122	Armond Caswell	t	House Caswell	Unknown
125	Arnell	t	Night's Watch	Unknown
126	Arron	t	Night's Watch	Unknown
127	Aron Santagar	t	House Santagar	Unknown
129	Arrec Durrandon	t	House Durrandon	Unknown
130	Arnolf Karstark	t	House Karstark	Unknown
133	Artys Arryn	t	House Arryn	Unknown
248	Bors	t	House Martell	Totally
237	Betharios of Braavos	f	House Frey	Totally
232	Beron Stark	t	House Stark	Totally
373	Cregan Stark	t	House Stark	Totally
496	Edderion Stark	t	House Stark	Totally
505	Edrick Stark	t	House Stark	Totally
513	Edwyle Stark	t	House Stark	Totally
510	Edwyn Stark	f	House Stark	Totally
150	Arya Stark	f	House Stark	Not yet
264	Bran Stark	t	House Stark	Not yet
2032	Greywind (Direwolf)	t	House Stark	Totally
2033	Summer (Direwolf)	t	House Stark	Totally
2034	Shaggydog (Direwolf)	t	House Stark	Totally
2030	Lady (Direwolf)	f	House Stark	Totally
2036	Rhaegal (Dragon)	t	House Targaryen	Not yet
2037	Drogon (Dragon)	t	House Targaryen	Not yet
2029	Nymeria (Direwolf)	f	House Stark	Not yet
2031	Ghost (Direwolf)	t	House Stark	Not yet
2035	Viserion (Dragon)	t	House Targaryen	Undead
224	Bess Bracken	t	House Bracken	Unknown
226	Beth Cassel	f	House Cassel	Unknown
227	Bethany Bracken	f	House Bracken	Unknown
229	Bethany Bolton	t	House Bolton	Unknown
230	Bhakaz zo Loraq	t	House of Loraq	Unknown
231	Bethany Redwyne	f	House Redwyne	Unknown
233	Bethany Rosby	f	House Rosby	Unknown
236	Black Balaq	t	Golden Company	Unknown
238	Biter	t	Brave Companions	Unknown
239	Black Bernarr	t	Night's Watch	Unknown
240	Blane	t	Night's Watch	Unknown
241	Black Jack Bulwer	t	Night's Watch	Unknown
243	Bluetooth	t	House Greyjoy	Unknown
244	Bloodbeard	t	Company of the Cat	Unknown
245	Borcas	t	Night's Watch	Unknown
247	Bonifer Hasty	t	House Hasty	Unknown
251	Boros Blount	t	House Blount	Unknown
252	Boremund Harlaw	t	House Harlaw of Harridan Hill	Unknown
253	Bowen Marsh	t	Night's Watch	Unknown
340	Cleos Frey	t	House Frey	Totally
336	Clement Piper	t	House Piper	Unknown
337	Clifford Conklyn	t	House Conklyn	Unknown
338	Cley Cerwyn	t	House Cerwyn	Unknown
339	Cleyton Caswell	t	House Caswell	Unknown
341	Cletus Yronwood	t	House Yronwood	Unknown
342	Cohollo	t	Khal	Unknown
343	Clydas	t	Night's Watch	Unknown
344	Clubfoot Karl	t	Night's Watch	Unknown
345	Colemon	t	House Arryn	Unknown
346	Colen of Greenpools	t	House Baratheon	Unknown
347	Coldhands	t	Three-eyed crow	Unknown
455	Dickon Tarly	t	House Tarly	Totally
451	Dickon Frey	t	House Frey	Totally
447	Desmond Redwyne	t	House Redwyne	Unknown
448	Devan Seaworth	t	House Seaworth	Unknown
449	Dick Follard	t	Night's Watch	Unknown
450	Dick Crabb	t	House Crabb	Unknown
452	Dirk	t	Night's Watch	Unknown
454	Dickon Manwoody	t	House Manwoody	Unknown
456	Dolf	t	Stone Crows	Unknown
457	Donal Noye	t	House Baratheon	Unknown
458	Domeric Bolton	t	House Bolton	Unknown
459	Donel Greyjoy	t	House Greyjoy	Unknown
460	Donella Hornwood	f	House Manderly	Unknown
461	Donnel Drumm	t	House Drumm	Unknown
586	Franklyn Frey	t	House Frey	Totally
571	Euron Greyjoy	t	House Greyjoy	Not yet
566	Eyron Stark	t	House Stark	Totally
575	Farlen	t	House Stark	Totally
592	Gage	t	House Stark	Totally
562	Erren Florent	t	House Florent	Unknown
563	Eustace (Braavos)	f	Faith of the Seven	Unknown
564	Eustace Brune	t	House Brune of the Dyre Den	Unknown
565	Eustace (Dance of the Dragons)	t	Faith of the Seven	Unknown
568	Eustace Hunter	f	House Hunter	Unknown
569	Eustace Osgrey	t	House Osgrey	Unknown
570	Ezzelyno	t	R'hllor	Unknown
572	Falena Stokeworth	t	House Stokeworth	Unknown
573	Falia Flowers	f	House Hewett	Unknown
576	Fearless Ithoke	t	House of Loraq	Unknown
580	Falyse Stokeworth	f	House Stokeworth	Unknown
582	Fornio	t	Night's Watch	Unknown
583	Franklyn Fowler	t	House Fowler	Unknown
584	Forley Prester	t	House Prester	Unknown
585	Flement Brax	t	House Brax	Unknown
591	Galazza Galare	f	Graces	Unknown
594	Galt	f	Stone Crows	Unknown
595	Galladon of Tarth	t	House Tarth	Unknown
598	Galbart Glover	t	House Glover	Unknown
599	Gareth Clifton	t	House Clifton	Unknown
602	Garigus	t	Alchemists' Guild	Unknown
687	Groleo	t	House Targaryen	Totally
680	Grey Worm	t	Unsullied	Not yet
676	Greenbeard	t	Brotherhood without banners	Unknown
677	Gretchel	f	House Arryn	Unknown
678	Grenn	t	Night's Watch	Unknown
682	Greydon Goodbrother	t	House Goodbrother	Unknown
684	Grisel	f	House Baelish	Unknown
685	Gregor Clegane	t	House Clegane	Unknown
688	Grunt	t	House Bolton	Unknown
689	Grubbs	t	Night's Watch	Unknown
690	Gueren	t	Night's Watch	Unknown
692	Guncer Sunglass	t	House Sunglass	Unknown
693	Gulian Qorgyle	t	House Qorgyle	Unknown
694	Gunthor son of Gurn	f	Stone Crows	Unknown
695	Gulian Swann	t	House Swann	Unknown
696	Gurn	f	Stone Crows	Unknown
697	Guthor Grimm	t	House Grimm	Unknown
698	Guyard Morrigen	t	House Morrigen	Unknown
700	Gwayne Corbray	t	House Corbray	Unknown
701	Gunthor Hightower	t	House Hightower	Unknown
702	Gwayne Gaunt	f	House Gaunt	Unknown
802	Hoster Frey	t	House Frey	Totally
805	Hosteen Frey	t	House Frey	Totally
796	Hodor	t	House Stark	Totally
789	Hobb	t	Night's Watch	Unknown
791	Hizdahr zo Loraq	t	House of Loraq	Unknown
792	Hoarfrost Umber	t	House Umber	Unknown
793	Hoke	f	House Lannister	Unknown
794	Holger	f	Stone Crows	Unknown
797	Hobber Redwyne	t	House Redwyne	Unknown
798	Hop-Robin	t	Night's Watch	Unknown
799	Hosman Norcross	t	House Norcross	Unknown
800	Horton Redfort	t	House Redfort	Unknown
801	Horas Redwyne	t	House Redwyne	Unknown
812	Hugh	t	House Arryn	Unknown
912	Jon Arryn	t	House Arryn	Totally
902	Joffrey Baratheon	t	House Baratheon of King's Landing	Totally
926	Jonos Frey	f	House Frey	Totally
920	Jon Umber (Greatjon)	t	House Umber	Not yet
925	Jon Snow	t	House Stark	Totally
924	Jonos Stark	t	House Stark	Totally
901	Jon Bettley	t	House Bettley	Unknown
903	Jon Bulwer	t	House Bulwer	Unknown
904	Jon Brax	f	House Brax	Unknown
905	Jon Cupps	t	House Cupps	Unknown
906	Jon Heddle	t	House Heddle	Unknown
907	Jon Fossoway	t	House Fossoway of New Barrel	Unknown
908	Jon Lynderly	f	House Lynderly	Unknown
909	Jon Hollard	t	House Hollard	Unknown
910	Jon Myre	t	House Myre	Unknown
911	Jon Connington	t	House Connington	Unknown
913	Jon O'Nutten	f	brotherhood without banners	Unknown
914	Jon Penny	t	House Penny	Unknown
915	Jon Penrose	t	House Penrose	Unknown
917	Jon Redfort	f	House Redfort	Unknown
919	Jon Umber (Smalljon)	t	House Umber	Unknown
921	Jon Wylde	t	House Wylde	Unknown
923	Jonella Cerwyn	f	House Cerwyn	Unknown
1017	Leo Tyrell (Longthorn)	t	House Tyrell	Totally
1022	Leona Tyrell	f	House Tyrell	Totally
1023	Leo Tyrell (son of Victor)	t	House Tyrell	Totally
1027	Lew (guard)	f	House Stark	Totally
1016	Leo Lefford	t	House Lefford	Unknown
1018	Leobald Tallhart	t	House Tallhart	Unknown
1019	Leona Woolfield	f	House Woolfield	Unknown
1020	Leonette Fossoway	f	House Fossoway	Unknown
1021	Leonella Lefford	f	House Lefford	Unknown
1024	Lester Morrigen	f	House Morrigen	Unknown
1025	Lester	f	House Lannister	Unknown
1026	Leslyn Haigh	t	House Haigh	Unknown
1028	Lewis Lanster	t	Windblown	Unknown
1137	Manfrey Martell	f	House Martell	Totally
1152	Margaery Tyrell	f	House Tyrell	Totally
1143	Malwyn Frey	t	House Frey	Totally
1128	Mallador Locke	t	Night's Watch	Unknown
1129	Malliard	t	Alchemists' Guild	Unknown
1130	Mallor	t	House Lannister	Unknown
1132	Manfred Lothston	t	House Lothston	Unknown
1133	Manfred Dondarrion	t	House Dondarrion	Unknown
1135	Mandon Moore	t	House Moore	Unknown
1136	Manfred Swann	f	House Swann	Unknown
1138	Manfryd Lothston	t	House Lothston	Unknown
1139	Manfryd Yew	f	House Yew	Unknown
1140	Marghaz zo Loraq	t	House of Loraq	Unknown
1141	Marei	f	Chataya's brothel	Unknown
1142	Margot Lannister	f	House Lannister	Unknown
1145	Maric Seaworth	t	House Seaworth	Unknown
1147	Marianne Vance	f	House Vance	Unknown
1148	Mark Mullendore	t	House Mullendore	Unknown
1149	Mark Ryswell	t	House Ryswell	Unknown
1150	Mariya Darry	f	House Darry	Unknown
1151	Marlon Manderly	t	House Manderly	Unknown
1153	Maron Botley	t	House Botley	Unknown
1190	Mela	f	House Arryn	Unknown
1272	Mushroom	t	House Targaryen	Totally
1249	Morra	f	House Martell	Totally
1252	Mors Martell	f	House Martell	Totally
1256	Mors Martell (brother of Doran)	t	House Martell	Totally
1276	Myles	t	House Martell	Totally
1269	Moryn Tyrell	t	House Tyrell	Totally
1261	Morya Frey	f	House Frey	Totally
1243	Mordane	f	House Stark	Totally
1270	Murch (Winterfell)	t	House Stark	Totally
1244	Morgarth	t	House Baelish	Unknown
1245	Moribald Chester	f	House Chester	Unknown
1246	Morgil	t	House Hastwyck	Unknown
1251	Morrec	t	House Lannister	Unknown
1253	Morros Slynt	t	House Slynt	Unknown
1254	Mors Manwoody	t	House Manwoody	Unknown
1255	Mortimer Boggs	t	House Boggs	Unknown
1257	Mors Umber	t	House Umber	Unknown
1258	Mudge (brotherhood)	f	Brotherhood without banners	Unknown
1260	Morton Waynwood	t	House Waynwood	Unknown
1263	Mudge (swineherd)	t	House Osgrey	Unknown
1264	Mullin	t	Night's Watch	Unknown
1265	Munciter	t	Alchemists' Guild	Unknown
1266	Mully	t	Night's Watch	Unknown
1273	Muttering Bill	t	Night's Watch	Unknown
1274	Murmison	t	Faith of the Seven	Unknown
1277	Mychel Redfort	t	House Redfort	Unknown
1278	Mya Stone	f	House Royce of the Gates of the Moon	Unknown
1357	Osmund Frey	f	House Frey	Totally
1376	Palla	f	House Stark	Totally
1355	Orys Baratheon	t	House Baratheon	Unknown
1356	Osmynd	f	Faith of the Seven	Unknown
1358	Osmund Kettleblack	t	House Kettleblack	Unknown
1359	Ossy	f	House Royce of the Gates of the Moon	Unknown
1360	Osney Kettleblack	t	House Kettleblack	Unknown
1361	Oswyn	f	Kingswood Brotherhood	Unknown
1362	Ossifer Plumm	t	House Plumm	Unknown
1363	Oswell Kettleblack	t	House Kettleblack	Unknown
1364	Othell Yarwyck	t	House Yarwyck	Unknown
1365	Oswell Whent	t	House Whent	Unknown
1366	Otho Bracken	t	House Bracken	Unknown
1367	Othor	t	Night's Watch	Unknown
1371	Owen	t	Night's Watch	Unknown
1372	Owen Inchfield	f	House Inchfield	Unknown
1373	Ottyn Wythers	t	House Wythers	Unknown
1374	Owen Norrey	t	House Norrey	Unknown
1375	Oznak zo Pahl	t	House of Pahl	Unknown
1377	Otto Hightower	t	House Hightower	Unknown
1378	Parmen Crane	t	House Crane	Unknown
1381	Pate (King's Landing)	t	House Baratheon of King's Landing	Unknown
1382	Patchface	t	House Baratheon of Dragonstone	Unknown
1481	Randyll Tarly	t	House Tarly	Totally
1474	Rakharo	t	House Targaryen	Totally
1468	Rafford	t	House Clegane	Unknown
1473	Ralf Kenning	t	House Kenning of Harlaw	Unknown
1476	Ralf Stonehouse	t	House Stonehouse	Unknown
1477	Rast	t	Night's Watch	Unknown
1478	Rat Cook	t	Night's Watch	Unknown
1482	Ravella Swann	f	House Swann	Unknown
1483	Raymar Royce	t	House Royce of the Gates of the Moon	Unknown
1484	Ramsay Snow	t	House Bolton of the Dreadfort	Unknown
1485	Raymond Nayland	f	House Nayland	Unknown
1486	Raymun Fossoway	t	House Fossoway of New Barrel	Unknown
1488	Raynard	t	Faith of the Seven	Unknown
1489	Raymun Darry	t	House Darry	Unknown
1588	Rolly Duckfield	t	House Targaryen	Totally
1590	Ronel Rivers	f	House Frey	Totally
1577	Rolder	t	House Lannister	Unknown
1579	Roland Crakehall (Kingsguard)	t	House Crakehall	Unknown
1580	Rohanne Webber	f	House Webber	Unknown
1581	Rolland Longthorpe	f	House Longthorpe	Unknown
1582	Rolland Darklyn	t	House Darklyn	Unknown
1583	Rolland Uffering	t	House Uffering	Unknown
1584	Rollam Westerling	t	House Westerling	Unknown
1585	Rolland Storm	t	House Caron	Unknown
1586	Rolley	t	Night's Watch	Unknown
1587	Romny Weaver	t	House Weaver	Unknown
1589	Rolph Spicer	t	House Spicer	Unknown
1591	Ronald Connington	t	House Connington	Unknown
1592	Ronald Storm	t	House Connington	Unknown
1710	Stannis Seaworth	t	House Seaworth	Totally
1718	Steffon Frey	f	House Frey	Totally
1691	Skittrick	f	House Stark	Totally
1692	Sigfryd Harlaw	t	House Harlaw of Harlaw Hall	Unknown
1696	Sleepy Jack	t	House Musgood	Unknown
1697	Small Paul	t	Night's Watch	Unknown
1698	Smiling Knight	t	Kingswood Brotherhood	Unknown
1700	Sour Alyn	t	House Bolton	Unknown
1701	Spare Boot	t	Night's Watch	Unknown
1703	Softfoot	t	Night's Watch	Unknown
1704	Spotted Pate of Maidenpool	t	Night's Watch	Unknown
1705	Squint	t	House Greyjoy	Unknown
1707	Stalwart Shield	t	Unsullied	Unknown
1708	Lord Staunton	t	House Staunton	Unknown
1709	Steelskin	t	House of Loraq	Unknown
1712	Stafford Lannister	t	House Lannister	Unknown
1713	Steffarion Sparr	t	House Sparr	Unknown
1714	Steffon Fossoway	t	House Fossoway of Cider Hall	Unknown
1715	Steffon Hollard	f	House Hollard	Unknown
1716	Steffon Seaworth	t	House Seaworth	Unknown
1717	Steffon Baratheon	t	House Baratheon	Unknown
1720	Steffon Varner	t	House Varner	Unknown
1814	Torrhen Stark	t	House Stark	Totally
1806	Torbert	t	Faith of the Seven	Unknown
1807	Torrek	f	Stone Crows	Unknown
1808	Torren Liddle	t	House Liddle	Unknown
1813	Torrhen Karstark	t	House Karstark	Unknown
1815	Trebor Jordayne	f	House Jordayne	Unknown
1818	Tregar	f	House Lannister	Unknown
1819	Tristan Ryger	f	House Ryger	Unknown
1820	Tristan Mudd	t	House Mudd	Unknown
1821	Tremond Gargalen	t	House Gargalen	Unknown
1822	Tristifer V Mudd	t	House Mudd	Unknown
1823	Tristimun	t	Sea watch	Unknown
1824	Tristifer IV Mudd	t	House Mudd	Unknown
1825	Triston of Tally Hill	t	House Sunglass	Unknown
1826	Tristifer Botley	t	House Botley	Unknown
1827	Triston Sunderland	t	House Sunderland	Unknown
1828	Triston Farwynd	f	House Farwynd	Unknown
1936	Blue Bard	t	House Tyrell	Totally
1938	Walder Frey	t	House Frey	Totally
1919	Walder Frey (son of Ryman)	t	House Frey	Totally
1917	Walder Frey (son of Jammos)	t	House Frey	Totally
1920	Walder Frey (son of Merrett)	t	House Frey	Totally
1925	Walder Rivers	t	House Frey	Totally
1931	Walton Frey	t	House Frey	Totally
1934	Waltyr Frey	t	House Frey	Totally
1929	Walton Stark	t	House Stark	Totally
1918	Walder Frey (son of Emmon)	t	House Frey of Riverrun	Unknown
1921	Walder Goodbrook	t	House Goodbrook	Unknown
1922	Walder Haigh	f	House Haigh	Unknown
1923	Waldon Wynch	t	House Wynch	Unknown
1924	Walgrave	t	Maesters	Unknown
1926	Wallen	t	Night's Watch	Unknown
1927	Walder Vance	t	House Vance	Unknown
1928	Wallace Waynwood	t	House Waynwood	Unknown
1930	Walton	t	House Bolton	Unknown
1933	Warryn Beesbury	f	House Beesbury	Unknown
1937	Wat (Barleycorn)	t	House Osgrey	Unknown
1940	Wat (Standfast)	t	House Osgrey	Unknown
1941	Wat (Wet)	t	House Osgrey	Unknown
213	Bennis	t	House Osgrey	Unknown
13	Aegon IV Targaryen	t	House Targaryen	Totally
37	Aerys I Targaryen	t	House Targaryen	Totally
11	Aegon I Targaryen	t	House Targaryen	Totally
12	Aegon II Targaryen	t	House Targaryen	Totally
14	Aegon V Targaryen	t	House Targaryen	Totally
15	Aegon III Targaryen	t	House Targaryen	Totally
16	Aegon Targaryen (son of Baelon)	t	House Targaryen	Totally
17	Aegon Targaryen (son of Aenys I)	t	House Targaryen	Totally
18	Aegon Targaryen (son of Jaehaerys I)	t	House Targaryen	Totally
19	Aegon Targaryen (son of Rhaegar)	t	House Targaryen	Totally
29	Aemond Targaryen	t	House Targaryen	Totally
30	Aerion Targaryen	t	House Targaryen	Totally
31	Aenys I Targaryen	t	House Targaryen	Totally
39	Aggo	t	House Targaryen	Totally
44	Aerys II Targaryen	t	House Targaryen	Totally
10	Aegon Frey (son of Stevron)	t	House Frey	Totally
26	Aemon Rivers	t	House Frey	Totally
27	Aenys Frey	t	House Frey	Totally
48	Alebelly	t	House Stark	Totally
20	Aegor Rivers	t	House Bracken	Unknown
21	Aemon Costayne	t	House Costayne	Unknown
22	Aemon Estermont	t	House Estermont	Unknown
23	Aemma Arryn	f	House Arryn	Unknown
24	Aelinor Penrose	t	House Penrose	Unknown
25	Aemon Blackfyre	t	House Blackfyre	Unknown
28	Maester Aemon	t	Night's Watch	Unknown
32	Aethan	t	Night's Watch	Unknown
34	Aeron Greyjoy	t	House Greyjoy	Unknown
35	Aggar	t	House Greyjoy	Unknown
36	Aglantine	f	Faith of the Seven	Unknown
40	Alan	t	Night's Watch	Unknown
41	Aladale Wynch	t	House Wynch	Unknown
43	Alayaya	f	Chataya's brothel	Unknown
45	Albett	t	Night's Watch	Unknown
46	Albar Royce	t	House Royce of the Gates of the Moon	Unknown
47	Alannys Harlaw	f	House Greyjoy	Unknown
49	Alequo Adarys	t	Band of Nine	Unknown
50	Alesander Staedmon	t	House Staedmon	Unknown
51	Alesander Torrent	f	House Torrent	Unknown
52	Alekyne Florent	t	House Florent	Unknown
53	Alerie Hightower	f	House Hightower	Unknown
54	Alester Oakheart	t	House Oakheart	Unknown
55	Alester Norcross	t	House Norcross	Unknown
60	Alester Florent	t	House Florent	Unknown
62	Allar Deem	t	City Watch of King's Landing	Unknown
64	Allard Seaworth	t	House Seaworth	Unknown
65	Alicent Hightower	f	House Hightower	Unknown
66	Allyria Dayne	f	House Dayne	Unknown
69	Alvyn Sharp	t	House Sharp	Unknown
70	Alyce Graceford	f	House Graceford	Unknown
72	Alyn Connington	f	House Connington	Unknown
73	Alyn Ambrose	t	House Ambrose	Unknown
74	Alyn Estermont	t	House Estermont	Unknown
75	Alyn Cockshaw	t	House Cockshaw	Unknown
76	Alyn Hunt	t	House Hunt	Unknown
77	Alyn Haigh	t	House Haigh	Unknown
78	Alyn Stackspear	t	House Stackspear	Unknown
80	Alys Arryn	f	House Arryn	Unknown
81	Alys Karstark	f	House Karstark	Unknown
82	Alysane Mormont	f	House Mormont	Unknown
83	Alysanne Bracken	t	House Bracken	Unknown
84	Alysanne Bulwer	f	House Bulwer	Unknown
85	Alyn Velaryon	t	House Velaryon	Unknown
86	Alysanne Lefford	f	House Lefford	Unknown
87	Alysanne of Tarth	f	House Tarth	Unknown
88	Alysanne Hightower	f	House Hightower	Unknown
89	Alysanne Osgrey	f	House Osgrey	Unknown
90	Alyssa Arryn	f	House Arryn	Unknown
92	Amabel	f	House Whent	Unknown
93	Alyssa Blackwood	f	House Blackwood	Unknown
96	Amarei Crakehall	f	House Crakehall	Unknown
98	Ambrose Butterwell	t	House Butterwell	Unknown
99	Amory Lorch	t	House Lorch	Unknown
100	Andar Royce	t	House Royce	Unknown
102	Andrey Charlton	t	House Charlton	Unknown
103	Andrew Estermont	t	House Estermont	Unknown
104	Andrey Dalt	t	House Dalt	Unknown
105	Andrik	t	House Drumm	Unknown
106	Anders Yronwood	t	House Yronwood	Unknown
107	Androw Ashford	t	House Ashford	Unknown
108	Andros Brax	t	House Brax	Unknown
109	Antario Jast	t	House Jast	Unknown
134	Arron Qorgyle	t	House Qorgyle	Unknown
135	Arthur Ambrose	t	House Ambrose	Unknown
136	Arthor Karstark	t	House Karstark	Unknown
138	Arwyn Oakheart	t	House Oakheart	Unknown
142	Arys Oakheart	t	House Oakheart	Unknown
143	Lord Ashford	t	House Ashford	Unknown
145	Ashara Dayne	f	House Dayne	Unknown
146	Aubrey Ambrose	t	House Ambrose	Unknown
149	Azzak	f	House of Ghazeen	Unknown
151	Aurane Waters	t	House Velaryon	Unknown
153	Axell Florent	t	House Florent	Unknown
156	Baelor Blacktyde	t	House Blacktyde	Unknown
158	Ballabar	t	House Redwyne	Unknown
159	Baelor Hightower	t	House Hightower	Unknown
161	Balman Byrch	t	House Byrch	Unknown
165	Balon Botley	t	House Botley	Unknown
166	Bannen	t	Night's Watch	Unknown
167	Balon Swann	t	House Swann	Unknown
168	Barba Bracken	f	House Bracken	Unknown
170	Barbara Bracken	t	House Bracken	Unknown
172	Barbrey Dustin	f	House Ryswell	Unknown
174	Barra	f	House Baratheon	Unknown
176	Barth	t	Faith of the Seven	Unknown
177	Bass	t	Night's Watch	Unknown
178	Bayard Norcross	t	House Norcross	Unknown
179	Bearded Ben	t	Night's Watch	Unknown
180	Beardless Dick	t	Brotherhood Without Banners	Unknown
182	Becca	f	House Arryn	Unknown
183	Barristan Selmy	t	House Selmy	Unknown
187	Bedwyck	t	Night's Watch	Unknown
188	Belaquo Bonebreaker	t	House of Loraq	Unknown
190	Belgrave	t	House Belgrave	Unknown
191	Belis	t	Alchemists' Guild	Unknown
197	Ben (Big Belly)	f	Kingswood Brotherhood	Unknown
199	Bellena Hawick	f	House Hawick	Unknown
200	Ben Blackthumb	f	House Whent	Unknown
201	Ben Bones	t	House Bolton	Unknown
202	Ben Bushy	f	House Bushy	Unknown
203	Benedar Belmore	t	House Belmore	Unknown
205	Benedict Broom	f	House Broom	Unknown
206	Ben Plumm	t	Second Sons	Unknown
208	Benfred Tallhart	t	House Tallhart	Unknown
210	Bennard Brune	t	House Brune of Brownhollow	Unknown
137	Arthur Dayne	t	House Dayne	Totally
63	Alliser Thorne	t	House Thorne	Totally
97	Alysanne Targaryen	f	House Targaryen	Totally
186	Belandra	f	House Martell	Totally
68	Alla Tyrell	f	House Tyrell	Totally
56	Alesander Frey	t	House Frey	Totally
79	Alyn Frey	t	House Frey	Totally
91	Alys Frey	f	House Frey	Totally
95	Alyx Frey	f	House Frey	Totally
101	Amerei Frey	f	House Frey	Totally
139	Arwyn Frey	f	House Frey	Totally
141	Arwood Frey	t	House Frey	Totally
211	Benfrey Frey	t	House Frey	Totally
147	Asha Greyjoy	f	House Greyjoy	Not yet
71	Alyn	t	House Stark	Totally
140	Artos Stark	t	House Stark	Totally
164	Bandy	f	House Stark	Totally
175	Barth (brewer)	t	House Stark	Totally
185	Barthogan Stark	t	House Stark	Totally
207	Benjen Stark (Bitter)	t	House Stark	Totally
209	Benjen Stark (Sweet)	t	House Stark	Totally
215	Bennarion Botley	t	House Botley	Unknown
217	Beren Tallhart	t	House Tallhart	Unknown
218	Beron Blacktyde	f	House Blacktyde	Unknown
219	Bertram Beesbury	t	House Beesbury	Unknown
220	Berena Hornwood	f	House Hornwood	Unknown
254	Brandon Norrey	t	House Norrey	Unknown
263	Branston Cuy	f	House Cuy	Unknown
265	Brandon Tallhart	t	House Tallhart	Unknown
266	Brella	f	House Baratheon	Unknown
273	Brown Bernarr	t	Night's Watch	Unknown
274	Bryan Fossoway	t	House Fossoway of Cider Hall	Unknown
276	Bryce Caron	t	House Caron	Unknown
278	Bryen Caron	t	House Caron	Unknown
279	Bryen	t	House Baelish	Unknown
281	Bryen Farring	t	House Farring	Unknown
282	Buford Bulwer	t	House Bulwer	Unknown
286	Burton Crakehall	t	House Crakehall	Unknown
288	Brynden Tully	t	House Tully	Unknown
290	Byam Flint	t	Night's Watch	Unknown
292	Byron	t	House Baelish	Unknown
293	Cadwyn	f	House Lannister	Unknown
294	Cadwyl	t	House Greyjoy	Unknown
295	Lord Cafferen	t	House Cafferen	Unknown
296	Craghas Drahar	t	Kingdom of the Three Daughters	Unknown
298	Camarron of the Count	t	House of Loraq	Unknown
301	Carellen Smallwood	f	House Smallwood	Unknown
303	Carrot	f	House Royce of the Gates of the Moon	Unknown
304	Cassana Estermont	t	House Estermont	Unknown
305	Cassella Vaith	f	House Vaith	Unknown
307	Lord Caswell	t	House Caswell	Unknown
310	Catelyn Bracken	t	House Bracken	Unknown
311	Carolei Waynwood	f	House Waynwood	Unknown
312	Cedric Payne	t	House Payne	Unknown
313	Cedrik Storm	f	House Buckler	Unknown
314	Cellador	t	Night's Watch	Unknown
315	Cerrick	t	House Webber	Unknown
318	Cerenna Lannister	f	House Lannister	Unknown
319	Chataya	f	Chataya's brothel	Unknown
321	Chella	f	Black Ears	Unknown
323	Cheyk	f	Black Ears	Unknown
325	Chiswyck	t	House Clegane	Unknown
326	Chett	t	Night's Watch	Unknown
328	Clarence Charlton	t	House Charlton	Unknown
329	Clarence Crabb	t	House Crabb	Unknown
330	Clarent Crakehall	f	House Crakehall	Unknown
331	Clarence Crabb (Short)	t	House Crabb	Unknown
333	Clement Crabb	t	House Crabb	Unknown
334	Clayton Suggs	t	House Suggs	Unknown
349	Coratt	t	Stone Crows	Unknown
350	Conn	t	Stone Crows	Unknown
351	Conwy	t	Night's Watch	Unknown
353	Colin Florent	f	House Florent	Unknown
354	Corliss Penny	t	House Penny	Unknown
355	Cosgrove	f	House Butterwell	Unknown
356	Cortnay Penrose	t	House Penrose	Unknown
358	Cotter Pyke	t	Night's Watch	Unknown
359	Courtenay Greenhill	f	House Greenhill	Unknown
360	Cragorn	t	House Greyjoy	Unknown
362	Crawn	t	Moon Brothers	Unknown
363	Corlys Velaryon	t	House Velaryon	Unknown
365	Cregan Karstark	t	House Karstark	Unknown
366	Creighton Redfort	f	House Redfort	Unknown
367	Cuger	t	Night's Watch	Unknown
370	Criston Cole	t	House Cole	Unknown
371	Cyrenna Swann	t	House Swann	Unknown
372	Daario Naharis	t	Stormcrows	Unknown
374	Dacks	t	House Redfort	Unknown
375	Daegon Shepherd	f	House Shepherd	Unknown
377	Dacey Mormont	f	House Mormont	Unknown
380	Daemon Sand	t	House Allyrion	Unknown
382	Daemon II Blackfyre	t	House Blackfyre	Unknown
383	Daemon I Blackfyre	t	House Blackfyre	Unknown
389	Daeron Vaith	f	House Vaith	Unknown
393	Dagmer	t	House Greyjoy	Unknown
394	Dagon Ironmaker	t	House Ironmaker	Unknown
287	Brynden Rivers	t	House Targaryen	Totally
378	Daella Targaryen (daughter of Jaehaerys I)	f	House Targaryen	Totally
297	Caleotte	t	House Martell	Totally
309	Cedra	f	House Martell	Totally
284	Butterbumps	t	House Tyrell	Totally
256	Bradamar Frey	t	House Frey	Totally
268	Brenett	t	House Frey	Totally
280	Bryan Frey	t	House Frey	Totally
322	Cersei Frey	f	House Frey	Totally
352	Colmar Frey	t	House Frey	Totally
376	Cynthea Frey	f	House Frey	Totally
216	Benjen Stark	t	House Stark	Undead
327	Cersei Lannister	f	House Lannister	Not yet
277	Brienne of Tarth	f	House Tarth	Not yet
272	Bronn	t	House Stokeworth	Not yet
255	Bran the Builder	t	House Stark	Totally
257	Brandon Stark (Bad)	t	House Stark	Totally
258	Brandon Stark (Burner)	t	House Stark	Totally
259	Brandon Stark	t	House Stark	Totally
260	Brandon Stark (the daughterless)	t	House Stark	Totally
261	Brandon Stark (son of Cregan)	t	House Stark	Totally
262	Brandon Stark (Shipwright)	t	House Stark	Totally
300	Calon	f	House Stark	Totally
308	Cayn	t	House Stark	Totally
395	Dagon Greyjoy	t	House Greyjoy	Unknown
396	Dafyn Vance	f	House Vance	Unknown
397	Dake	t	House Osgrey	Unknown
398	Dake (Guard)	t	House Lannister	Unknown
399	Dagos Manwoody	t	House Manwoody	Unknown
400	Dale Drumm	f	House Drumm	Unknown
401	Dalbridge	t	Night's Watch	Unknown
402	Dalla (Dragonstone)	f	House Baratheon of Dragonstone	Unknown
404	Damon Dance-for-Me	t	House Bolton	Unknown
406	Damon Paege	t	House Paege	Unknown
407	Damon Shett	f	House Shett of Gull Tower	Unknown
408	Damion Lannister	t	House Lannister	Unknown
409	Damon Lannister (lord)	t	House Lannister	Unknown
411	Damon Lannister (son of Jason)	t	House Lannister	Unknown
412	Dancy	f	Chataya's brothel	Unknown
413	Danelle Lothston	f	House Lothston	Unknown
414	Damon Vypren	f	House Vypren	Unknown
415	Darla Deddings	t	House Deddings	Unknown
416	Danny Flint	f	House Flint	Unknown
417	Dareon	t	Night's Watch	Unknown
418	Danos Slynt	t	House Slynt	Unknown
420	Daryn Hornwood	t	House Hornwood	Unknown
421	Darlessa Marbrand	f	House Marbrand	Unknown
424	Daven Lannister	t	House Lannister	Unknown
425	Deana Hardyng	f	House Hardyng	Unknown
426	Delena Florent	f	House Florent	Unknown
429	Delp	f	House Tully	Unknown
430	Delonne Allyrion	f	House Allyrion	Unknown
432	Dennet	t	Brotherhood without banners	Unknown
434	Dennis Plumm	t	House Plumm	Unknown
435	Denys Drumm	t	House Drumm	Unknown
436	Denys Darklyn	t	House Darklyn	Unknown
437	Denys Arryn	t	House Arryn	Unknown
438	Denys Mallister	t	House Mallister	Unknown
439	Dermot	t	House Baratheon of Dragonstone	Unknown
440	Denys Redwyne	t	House Redwyne	Unknown
442	Desmond Grell	t	House Grell	Unknown
443	Denyse Hightower	f	House Hightower	Unknown
445	Deziel Dalt	t	House Dalt	Unknown
462	Donnel Hill	t	Night's Watch	Unknown
463	Donnel Locke	t	House Locke	Unknown
464	Donnel Haigh	t	House Haigh	Unknown
465	Donnel of Duskendale	t	Kingsguard	Unknown
468	Donnel Waynwood	f	House Waynwood	Unknown
469	Dorcas	f	House Lannister	Unknown
470	Dontos Hollard	t	House Hollard	Unknown
477	Dornish Dilly	t	Night's Watch	Unknown
479	Doran Martell	t	House Nymeros Martell	Unknown
481	Drennan	t	House Greyjoy	Unknown
482	Dunaver	f	House Lannister	Unknown
484	Dunsen	t	House Clegane	Unknown
485	Dunk	t	Kingsguard	Unknown
486	Duram Bar Emmon	t	House Bar Emmon	Unknown
487	Durran	t	House Durrandon	Unknown
488	Dunstan Drumm	t	House Drumm	Unknown
491	Dykk Harlaw	t	House Harlaw	Unknown
492	Easy	t	Night's Watch	Unknown
493	Ebben	t	Night's Watch	Unknown
495	Dywen	t	Night's Watch	Unknown
497	Eddara Tallhart	t	House Tallhart	Unknown
498	Eden Risley	t	House Risley	Unknown
499	Edgerran Oakheart	t	House Oakheart	Unknown
500	Eddison Tollett	t	House Tollett	Unknown
501	Eddard Karstark	t	House Karstark	Unknown
502	Edmund Ambrose	f	House Ambrose	Unknown
503	Edmyn Tully	t	House Tully	Unknown
504	Edric Dayne	t	House Dayne	Unknown
506	Edwyd Fossoway	t	House Fossoway of Cider Hall	Unknown
507	Edmure Tully	t	House Tully	Unknown
509	Edwyn Osgrey	t	House Osgrey	Unknown
511	Edric Storm	t	House Baratheon	Unknown
512	Eggon	t	House Clegane	Unknown
514	Eglantine	f	Faith of the Seven	Unknown
515	Egon Emeros	f	Pureborn	Unknown
517	Elder Brother	t	Faith of the Seven	Unknown
519	Eldon Estermont	t	House Estermont	Unknown
520	Eleanor Mooton	f	House Mooton	Unknown
521	Eldred Codd	t	House Codd	Unknown
522	Elbert Arryn	t	House Arryn	Unknown
524	Eleyna Westerling	f	House Westerling	Unknown
526	Ellaria Sand	f	House Uller	Unknown
527	Ellery Vance	t	House Vance of Atranta	Unknown
529	Elron	t	Night's Watch	Unknown
531	Elwood	f	House Tully	Unknown
533	Ellyn Tarbeck	f	House Reyne	Unknown
534	Elwood Meadows	t	House Meadows	Unknown
535	Elyn Norridge	f	House Norridge	Unknown
536	Elys Westerling	t	House Westerling	Unknown
537	Elyana Vypren	f	House Vypren	Unknown
538	Elyas Willum	t	House Willum	Unknown
539	Elza	f	House of Galare	Unknown
405	Dale Seaworth	t	House Seaworth	Totally
530	Elinor Tyrell	f	House Tyrell	Totally
473	Doreah	f	House Targaryen	Totally
476	Dorea Sand	f	House Martell	Totally
528	Elia Martell	f	House Martell	Totally
525	Elia Sand	f	House Martell	Totally
422	Danwell Frey	t	House Frey	Totally
428	Della Frey	f	House Frey	Totally
516	Edwyn Frey	t	House Frey	Totally
427	Davos Seaworth	t	House Seaworth	Not yet
441	Desmond	f	House Stark	Totally
466	Donnis	f	House Stark	Totally
471	Donnor Stark	t	House Stark	Totally
475	Dorren Stark	t	House Stark	Totally
540	Elys Waynwood	f	House Waynwood	Unknown
542	Emmon Cuy	t	House Cuy	Unknown
543	Emmond	t	Drowned men	Unknown
546	Emmon Frey	t	House Frey of Riverrun	Unknown
547	Emrick	t	Night's Watch	Unknown
548	Emphyria Vance	f	House Vance of Wayfarer's Rest	Unknown
549	Endrew Tarth	t	House Tarth	Unknown
550	Enger	f	House Tully	Unknown
551	Erik Ironmaker	t	House Ironmaker	Unknown
553	Eon Hunter	t	House Hunter	Unknown
554	Erena Glover	f	House Glover	Unknown
555	Ermesande Hayford	f	House Hayford	Unknown
561	Ethan Glover	t	House Glover	Unknown
603	Gared	t	Night's Watch	Unknown
605	Garin (Prince)	t	Rhoynar	Unknown
608	Garrett Paege	t	House Paege	Unknown
609	Garrison Prester	t	House Prester	Unknown
610	Garth of Greenaway	t	Night's Watch	Unknown
611	Garse Goodbrook	t	House Goodbrook	Unknown
612	Garth XII Gardener	f	House Gardener	Unknown
613	Garlan Tyrell	t	House Tyrell of Brightwater Keep	Unknown
617	Garth Greenfield	t	House Greenfield	Unknown
618	Garth Greyfeather	t	Night's Watch	Unknown
619	Garth of Oldtown	t	Night's Watch	Unknown
622	Gawen Swann	t	House Swann	Unknown
623	Garth Hightower	f	House Hightower	Unknown
624	Gawen Glover	t	House Glover	Unknown
625	Gawen Wylde	t	House Wylde	Unknown
626	Gelmarr	t	House Greyjoy	Unknown
627	Gawen Westerling	t	House Westerling	Unknown
630	Gerardys	t	Blacks	Unknown
631	Gerald Gower	f	House Gower	Unknown
632	Gerold Grafton	t	House Grafton	Unknown
634	Gerold Dayne	t	House Dayne of High Hermitage	Unknown
636	Gerion Lannister	t	House Lannister	Unknown
638	Gerrick Kingsblood	t	House Redbeard	Unknown
639	Gevin Harlaw	t	House Harlaw	Unknown
640	Gerold Lannister	t	House Lannister	Unknown
642	Gerris Drinkwater	t	House Drinkwater	Unknown
643	Gerold Hightower	t	House Hightower	Unknown
644	Gilbert Farring	t	House Farring	Unknown
648	Gladden Wylde	t	House Wylde	Unknown
649	Glendon Hewett	t	House Hewett	Unknown
651	Gilwood Hunter	t	House Hunter	Unknown
652	Goady	t	Night's Watch	Unknown
653	Godric Borrell	t	House Borrell	Unknown
654	Godwyn	t	House Lannister	Unknown
655	Goghor the Giant	t	House of Loraq	Unknown
656	Godry Farring	t	House Farring	Unknown
657	Goodwin	t	House Tarth	Unknown
659	Gormond Drumm	t	House Drumm	Unknown
660	Gormon Peake	t	House Peake	Unknown
662	Gowen Baratheon	t	House Baratheon	Unknown
663	Gormond Goodbrother	t	House Goodbrother	Unknown
664	Gorold Goodbrother	t	House Goodbrother	Unknown
666	Grance Morrigen	t	House Morrigen	Unknown
667	Gran Goodbrother	t	House Goodbrother	Unknown
668	Gormon Tyrell	t	Citadel	Unknown
670	Grazdan mo Eraz	f	Wise Masters	Unknown
671	Grazdan mo Ullhor	t	Good Masters	Unknown
672	Grazdan zo Galare	t	House of Galare	Unknown
674	Grazdar zo Galare	t	House of Galare	Unknown
703	Gyldayn	t	The Citadel	Unknown
704	Gwin Goodbrother	f	House Goodbrother	Unknown
705	Gylbert Farwynd	t	House Farwynd of the Lonely Light	Unknown
706	Gwayne Hightower	t	House Hightower	Unknown
708	Gyles	f	Kingsguard	Unknown
709	Gyles Farwynd	t	House Farwynd of the Lonely Light	Unknown
710	Gyles III Gardener	t	House Gardener	Unknown
712	Gwynesse Harlaw	f	House Harlaw	Unknown
713	Gyles Grafton	t	House Grafton	Unknown
714	Gynir	t	House Greyjoy	Unknown
715	Gyles Rosby	t	House Rosby	Unknown
718	Gysella Goodbrother	f	House Goodbrother	Unknown
719	Hairy Hal	f	Night's Watch	Unknown
720	Hake	t	Night's Watch	Unknown
721	Hal (Hog)	t	House Baratheon of Dragonstone	Unknown
722	Haegon Blackfyre	t	House Blackfyre	Unknown
723	Halder	t	Night's Watch	Unknown
726	Hallyne	t	Alchemists' Guild	Unknown
727	Hallis Mollen	t	House Mollen	Unknown
728	Halmon Paege	t	House Paege	Unknown
731	Harbert Paege	f	House Paege	Unknown
732	Harbert	t	House Baratheon	Unknown
733	Halys Hornwood	t	House Hornwood	Unknown
734	Hareth (Mole's Town)	t	Night's Watch	Unknown
737	Harlan Grandison	t	House Grandison	Unknown
738	Harlan Hunter	t	House Hunter	Unknown
741	Harlon Greyjoy	t	House Greyjoy	Unknown
742	Harlon Botley	t	House Botley	Unknown
744	Harmond Umber	t	House Umber	Unknown
745	Harmen Uller	t	House Uller	Unknown
746	Harmund Sharp	t	House Sharp	Unknown
747	Harmune	t	Night's Watch	Unknown
749	Harra	f	House Whent	Unknown
750	Harrag Hoare	t	House Hoare	Unknown
751	Harrag Sharp	t	House Sharp	Unknown
753	Harren Botley	f	House Botley	Unknown
754	Harren Hoare	t	House Hoare	Unknown
755	Harras Harlaw	t	House Harlaw of Grey Garden	Unknown
756	Harrion Karstark	t	House Karstark	Unknown
757	Harrold Osgrey	t	House Osgrey	Unknown
620	Gascoyne	f	House Martell	Totally
560	Erryk (guard)	t	House Tyrell	Totally
544	Emberlei Frey	f	House Frey	Totally
635	Gendry	t	brotherhood without banners	Not yet
604	Gariss	t	House Stark	Totally
758	Harry Sawyer	f	House Sawyer	Unknown
759	Harrold Westerling	t	House Westerling	Unknown
760	Harrold Hardyng	t	House Hardyng	Unknown
761	Harry Strickland	t	House Strickland	Unknown
763	Harwood Fell	t	House Fell	Unknown
765	Harwood Stout	t	House Stout	Unknown
766	Harwyn Hoare	t	House Hoare	Unknown
767	Harwin Strong	t	House Strong	Unknown
768	Hazrak zo Loraq	t	House of Loraq	Unknown
770	Harys Haigh	t	House Haigh	Unknown
771	Harwyn Plumm	t	House Plumm	Unknown
773	Helicent Uffering	t	House Uffering	Unknown
774	Harys Swyft	t	House Swyft	Unknown
777	Helya	f	House Greyjoy	Unknown
779	Helman Tallhart	t	House Tallhart	Unknown
780	Henly (Maester)	t	House Slate	Unknown
782	Herbert Bolling	t	House Bolling	Unknown
784	Hendry Bracken	t	House Bracken	Unknown
786	Hilmar Drumm	t	House Drumm	Unknown
787	Lord Commander Hoare	t	House Hoare	Unknown
806	Hoster Tully	t	House Tully	Unknown
807	Hother Umber	t	House Umber	Unknown
808	Hubard Rambton	t	House Rambton	Unknown
809	Hugh Beesbury	t	House Beesbury	Unknown
810	Howland Reed	t	House Reed	Unknown
811	Hotho Harlaw	t	House Harlaw of the Tower of Glimmering	Unknown
813	Hugh Hammer	t	Blacks	Unknown
814	Hugo Wull	t	House Wull	Unknown
817	Hugo Vance	t	House Vance of Atranta	Unknown
818	Humfrey Beesbury	t	House Beesbury	Unknown
819	Humfrey Clifton	t	House Clifton	Unknown
820	Humfrey Hewett	t	House Hewett	Unknown
821	Humfrey Hardyng	t	House Hardyng	Unknown
822	Humfrey Swyft	f	House Swyft	Unknown
824	Humfrey Wagstaff	f	House Wagstaff	Unknown
826	Iggo	t	Brave Companions	Unknown
827	Hyle Hunt	t	House Hunt	Unknown
829	Igon Vyrwel	f	House Vyrwel	Unknown
831	Iron Emmett	t	Night's Watch	Unknown
832	Ilyn Payne	t	House Payne	Unknown
834	Jack-Be-Lucky	t	Brotherhood without banners	Unknown
835	Imry Florent	t	House Florent	Unknown
837	Jacelyn Bywater	t	House Bywater	Unknown
839	Jafer Flowers	t	Night's Watch	Unknown
840	Jaggot	f	Stone Crows	Unknown
845	Jalabhar Xho	t	Summer Islands	Unknown
848	Jaqen H'ghar	t	Faceless Men	Unknown
849	Janei Lannister	f	House Lannister	Unknown
851	Jaremy Rykker	t	Night's Watch	Unknown
856	Jarmen Buckwell	t	House Buckwell	Unknown
857	Jason Lannister	t	House Lannister	Unknown
858	Jason Mallister	t	House Mallister	Unknown
859	Jasper Redfort	f	House Redfort	Unknown
860	Jasper Wylde	t	House Wylde	Unknown
861	Jasper Arryn	t	House Arryn	Unknown
863	Jate Blackberry	t	House Blackberry	Unknown
864	Jayde	f	Chataya's brothel	Unknown
865	Jeffory Mallister	t	House Mallister	Unknown
866	Jasper Waynwood	t	House Waynwood	Unknown
867	Jayne Bracken	t	House Bracken	Unknown
868	Jeffory Norcross	t	House Norcross	Unknown
870	Jeren	t	Night's Watch	Unknown
871	Squinty Jeyne	f	House Osgrey	Unknown
872	Jeyne Arryn	f	House Arryn	Unknown
873	Jeyne Beesbury	f	House Beesbury	Unknown
874	Jeyne Fossoway	f	House Fossoway of New Barrel	Unknown
875	Jeor Mormont	t	House Mormont	Unknown
876	Jeyne Darry	f	House Darry	Unknown
877	Jeyne Goodbrook	f	House Goodbrook	Unknown
878	Jeyne Heddle	f	Brotherhood Without Banners	Unknown
879	Jeyne Lothston	f	House Lothston	Unknown
881	Jeyne Swann	f	House Swann	Unknown
883	Jeyne Westerling (wife of Maegor I)	f	House Westerling	Unknown
884	Jeyne Lydden	f	House Lydden	Unknown
888	Jeyne Westerling	f	House Westerling	Unknown
891	Jocelyn Swyft	f	House Swyft	Unknown
892	Jodge	t	House Lannister	Unknown
893	Joanna Swyft	f	House Swyft	Unknown
894	Joffrey Caswell	t	House Caswell	Unknown
895	Joffrey Lonmouth	t	House Lonmouth	Unknown
896	Johanna Swann	f	House Swann	Unknown
897	Joanna Lannister	f	House Lannister	Unknown
899	Jommy	t	House Baratheon	Unknown
927	Jonos Bracken	t	House Bracken	Unknown
931	Jonothor Darry	t	House Darry	Unknown
932	Jorgen	t	House Webber	Unknown
788	High Sparrow	t	Faith of the Seven	Totally
852	Janos Slynt	t	Night's Watch	Totally
854	Janna Tyrell	f	House Tyrell	Totally
844	Jaime Frey	t	House Frey	Totally
900	Jojen Reed	t	House Reed	Totally
781	Helaena Targaryen	f	House Targaryen	Totally
847	Jammos Frey	t	House Frey	Totally
853	Jared Frey	t	House Frey	Totally
880	Jeyne Rivers	f	House Frey	Totally
850	Jaime Lannister	t	House Lannister	Not yet
764	Harwin	t	House Stark	Totally
769	Hayhead	t	House Stark	Totally
783	Heward	t	House Stark	Totally
815	Hullen	t	House Stark	Totally
838	Jacks	t	House Stark	Totally
928	Jonnel Stark	t	House Stark	Totally
929	Jorah Stark	t	House Stark	Totally
933	Jorquen	t	Night's Watch	Unknown
935	Jorelle Mormont	f	House Mormont	Unknown
938	Joseth Mallister	t	House Mallister	Unknown
940	Josmyn Peckledon	t	House Peckledon	Unknown
943	Joss Stilwood	t	House Clegane	Unknown
945	Josua Willum	t	House Willum	Unknown
947	Joyeuse Erenford	f	House Erenford	Unknown
948	Jothos Slynt	t	House Slynt	Unknown
949	Joy Hill	f	House Lannister	Unknown
950	Justin Massey	t	House Massey	Unknown
951	Jyana	f	House Reed	Unknown
952	Jyck	t	House Lannister	Unknown
955	Jynessa Blackmont	f	House Blackmont	Unknown
958	Kedge Whiteye	t	Night's Watch	Unknown
959	Kegs	t	Night's Watch	Unknown
961	Kella	f	House Baelish	Unknown
962	Karyl Vance	t	House Vance of Wayfarer's Rest	Unknown
965	Ketter	f	Night's Watch	Unknown
966	Kennos of Kayce	t	House Kenning of Kayce	Unknown
967	Kezmya	f	House of Pahl	Unknown
968	Khrazz	t	House of Loraq	Unknown
971	Kindly Man	t	Faceless Men	Unknown
973	Kirth Vance	t	House Vance of Atranta	Unknown
974	Kevan Lannister	t	House Lannister	Unknown
976	Kraznys mo Nakloz	t	Good Masters	Unknown
977	Krazz	t	House of Loraq	Unknown
978	Kromm	t	House Greyjoy	Unknown
980	Kurleket	t	House Bracken	Unknown
981	Kyle (brotherhood)	t	Brotherhood without banners	Unknown
983	Kyle Royce	t	House Royce	Unknown
985	Kyle Condon	t	House Condon	Unknown
990	Lambert Turnberry	t	House Turnberry	Unknown
991	Lamprey	t	House Baratheon of Dragonstone	Unknown
992	Laenor Velaryon	t	House Velaryon	Unknown
993	Laena Velaryon	f	House Velaryon	Unknown
995	Lann the Clever	t	House Lannister	Unknown
997	Lanna (Happy Port)	f	Happy Port	Unknown
998	Lancel Lannister	t	House Lannister of Casterly Rock	Unknown
999	Lark	t	Night's Watch	Unknown
1000	Larence Snow	t	House Hornwood	Unknown
1001	Lanna Lannister	f	House Lannister	Unknown
1002	Larra Blackmont	f	House Blackmont	Unknown
1005	Leathers	t	Night's Watch	Unknown
1006	Larys Strong	t	House Strong	Unknown
1007	Left Hand Lew	t	Night's Watch	Unknown
1009	Lem (Standfast)	t	House Osgrey	Unknown
1010	Lem	t	Brotherhood without banners	Unknown
1013	Lenwood Tawney	t	House Tawney	Unknown
1015	Leo Blackbar	t	House Blackbar	Unknown
1029	Lewys the Fishwife	f	House Baratheon of Dragonstone	Unknown
1030	Lewys Lydden	f	House Lydden	Unknown
1031	Lharys	t	House Bracken	Unknown
1033	Lewys Piper	t	House Piper	Unknown
1034	Likely Luke	t	Brotherhood Without Banners	Unknown
1035	Leyla Hightower	f	House Hightower	Unknown
1036	Lia Serry	f	House Serry	Unknown
1037	Leyton Hightower	t	House Hightower	Unknown
1039	Liane Vance	f	House Vance of Wayfarer's Rest	Unknown
1040	Lomas Estermont	f	House Estermont	Unknown
1043	Long Lew	t	House Tully	Unknown
1044	Lollys Stokeworth	f	House Stokeworth	Unknown
1045	Loren Lannister	t	House Lannister	Unknown
1046	Lorent Lorch	f	House Lorch	Unknown
1048	Lorent Marbrand	t	House Marbrand	Unknown
1049	Lorimer	t	House Lefford	Unknown
1055	Lothar Mallery	f	House Mallery	Unknown
1059	Lucan	t	House Whent	Unknown
1060	Lucamore Strong	t	House Strong	Unknown
1061	Lothor Brune	t	House Brune of Brownhollow	Unknown
1063	Lucas Corbray	f	House Corbray	Unknown
1064	Lucas Codd	t	House Codd	Unknown
1065	Lucas Inchfield	t	House Inchfield	Unknown
1066	Lucas Blackwood	t	House Blackwood	Unknown
1067	Lucas Roote	t	House Roote	Unknown
1068	Lucas Nayland	f	House Nayland	Unknown
1069	Lucifer Hardy	t	House Hardy	Unknown
1070	Luceon Frey	t	Faith of the Seven	Unknown
1071	Lucias Vypren	t	House Vypren	Unknown
1073	Lucimore Botley	f	House Botley	Unknown
1075	Lucos Chyttering	t	House Chyttering	Unknown
1077	Luke of Longtown	t	Night's Watch	Unknown
1078	Lum	t	House Lannister	Unknown
1079	Lucion Lannister	f	House Lannister	Unknown
1080	Luton	t	House Bolton	Unknown
1086	Lyessa Flint	f	House Flint of Widow's Watch	Unknown
1087	Lyman Beesbury	t	House Beesbury	Unknown
1088	Lymond Goodbrook	t	House Goodbrook	Unknown
1089	Lyle Crakehall	t	House Crakehall	Unknown
1090	Lyman Darry	f	House Darry	Unknown
1091	Lymond Lychester	t	House Lychester	Unknown
1092	Lymond Mallister	f	House Mallister	Unknown
994	Lancel V Lannister	f	House Lannister	Totally
1032	Lewyn Martell	t	House Martell	Totally
1057	Lorent Tyrell	f	House Tyrell	Totally
1076	Lucas Tyrell	t	House Tyrell	Totally
954	Jyanna Frey	f	House Frey	Totally
989	Kyra Frey	f	House Frey	Totally
1008	Leana Frey	f	House Frey	Totally
1062	Lothar Frey	t	House Frey	Totally
937	Jorah Mormont	t	House Mormont	Not yet
1083	Lyanna Mormont	f	House Mormont	Not yet
936	Joseth	t	House Stark	Totally
956	Karlon Stark	t	House Stark	Totally
987	Kyra	t	House Stark	Totally
1081	Luwin	t	House Stark	Totally
1093	Lyanna Stark	t	House Stark	Totally
1094	Lymond Vikary	t	House Vikary	Unknown
1095	Lync	t	Night's Watch	Unknown
1096	Lyonel (knight)	t	House Lannister	Unknown
1097	Lyn Corbray	t	House Corbray	Unknown
1098	Lyonel Baratheon	t	House Baratheon	Unknown
1099	Lyonel Bentley	t	Queensguard	Unknown
1100	Lyonel Corbray	t	House Corbray	Unknown
1101	Lyonel Selmy	t	House Selmy	Unknown
1102	Lynesse Hightower	f	House Hightower	Unknown
1103	Lyonel Frey	f	House Frey of Riverrun	Unknown
1105	Lyonel Strong	t	House Strong	Unknown
1106	Lysa Meadows	f	House Meadows	Unknown
1107	Lyra Mormont	f	House Mormont	Unknown
1108	Lysono Maar	t	Golden Company	Unknown
1110	Maddy	f	House Arryn	Unknown
1111	Lysa Arryn	f	House Tully	Unknown
1112	Mad Huntsman	t	Brotherhood without banners	Unknown
1114	Maege Mormont	f	House Mormont	Unknown
1121	Maelys Blackfyre	t	House Blackfyre	Unknown
1156	Maron Volmark	t	House Volmark	Unknown
1157	Marq Grafton	t	House Grafton	Unknown
1158	Maron Greyjoy	t	House Greyjoy	Unknown
1159	Marq Rankenfell	t	Night's Watch	Unknown
1160	Marq Piper	t	House Piper	Unknown
1161	Martyn Mullendore	f	House Mullendore	Unknown
1162	Martyn Cassel	t	House Cassel	Unknown
1163	Marsella Waynwood	f	House Waynwood	Unknown
1166	Martyn Lannister	t	House Lannister	Unknown
1167	Marwyn Belmore	t	House Belmore	Unknown
1169	Maslyn	t	Night's Watch	Unknown
1170	Marya Seaworth	f	House Seaworth	Unknown
1172	Matrice	f	House Baratheon of Dragonstone	Unknown
1176	Matthar	t	Night's Watch	Unknown
1177	Mathis Rowan	t	House Rowan	Unknown
1179	Mawney	t	Night's Watch	Unknown
1180	Matthos Seaworth	t	House Seaworth	Unknown
1181	Maynard Plumm	t	House Plumm	Unknown
1182	Mazdhan zo Loraq	t	House of Loraq	Unknown
1184	Medgar Tully	t	House Tully	Unknown
1185	Meg	f	Brotherhood Without Banners	Unknown
1186	Medger Cerwyn	t	House Cerwyn	Unknown
1187	Meera Reed	f	House Reed	Unknown
1193	Melara Hetherspoon	t	House Hetherspoon	Unknown
1194	Meldred Merlyn	t	House Merlyn	Unknown
1197	Melara Crane	f	House Crane	Unknown
1199	Melesa Crakehall	f	House Crakehall	Unknown
1200	Melessa Florent	f	House Florent	Unknown
1203	Melissa Blackwood	f	House Blackwood	Unknown
1204	Melly	f	Brotherhood Without Banners	Unknown
1205	Melwyn Sarsfield	t	House Sarsfield	Unknown
1206	Melisandre	f	R'hllor	Unknown
1209	Meralyn	f	Happy Port	Unknown
1210	Meredyth Crane	f	House Crane	Unknown
1212	Meribald	t	Faith of the Seven	Unknown
1213	Mern Gardener	t	House Gardener	Unknown
1215	Mero	f	Second Sons	Unknown
1216	Merlon Crakehall	t	House Crakehall	Unknown
1218	Merrit	f	Brotherhood without banners	Unknown
1219	Merrell Florent	t	House Florent	Unknown
1220	Mezzara	t	House of Merreq	Unknown
1221	Michael Mertyns	t	House Mertyns	Unknown
1222	Meryn Trant	t	House Trant	Unknown
1227	Moelle	f	Faith of the Seven	Unknown
1228	Minisa Whent	f	House Whent	Unknown
1229	Mohor	t	House Bracken	Unknown
1236	Moon Boy	t	House Baratheon of King's Landing	Unknown
1237	Monford Velaryon	t	House Velaryon	Unknown
1238	Monterys Velaryon	t	House Velaryon	Unknown
1239	Moqorro	t	R'hllor	Unknown
1240	Mord	t	House Arryn	Unknown
1279	Myles (squire)	t	House Tully	Unknown
1280	Myles Mooton	t	House Mooton	Unknown
1281	Mylenda Caron	t	House Caron	Unknown
1282	Myles Manwoody	t	House Manwoody	Unknown
1283	Myles Smallwood	t	House Smallwood	Unknown
1284	Myranda Royce	f	House Royce of the Gates of the Moon	Unknown
1285	Myria Jordayne	f	House Jordayne	Unknown
1289	Myrielle Lannister	f	House Lannister	Unknown
1290	Nage	t	House Bolton	Unknown
1292	Nail	t	Second Sons	Unknown
1297	Ned Woods	t	House Woods	Unknown
1299	Nettles	f	Blacks	Unknown
1302	Nestor Royce	t	House Royce of the Gates of the Moon	Unknown
1303	Noho Dimittis	t	Iron Bank of Braavos	Unknown
1306	Norjen	t	Drowned men	Unknown
1307	Norne Goodbrother	f	House Goodbrother of Shatterstone	Unknown
1309	Norbert Vance	t	House Vance of Atranta	Unknown
1310	Notch	t	Brotherhood without Banners	Unknown
1113	Lythene Frey	f	House Frey	Totally
1117	Maekar Targaryen	t	House Targaryen	Totally
1155	Maron Martell	t	House Martell	Totally
1202	Mellei	f	House Martell	Totally
1291	Myriah Martell	t	House Martell	Totally
1104	Lyonel Tyrell (lord)	t	House Tyrell	Totally
1109	Lyonel Tyrell (son of Leo)	f	House Tyrell	Totally
1195	Megga Tyrell	f	House Tyrell	Totally
1230	Mina Tyrell	f	House Tyrell	Totally
1116	Mace Tyrell	t	House Tyrell	Totally
1115	Maegelle Frey	f	House Frey	Totally
1154	Marissa Frey	f	House Frey	Totally
1165	Martyn Rivers	f	House Frey	Totally
1175	Mathis Frey	f	House Frey	Totally
1201	Mellara Rivers	f	House Frey	Totally
1223	Mikken	t	House Stark	Totally
1294	Nan	f	House Stark	Totally
1311	Nute	t	House Greyjoy	Unknown
1312	Nymella Toland	f	House Toland	Unknown
1323	Old Grey Gull	t	Drowned men	Unknown
1324	Old Henly	t	Night's Watch	Unknown
1325	Old Tattersalt	t	Night's Watch	Unknown
1326	Ollidor	t	Faith of the Seven	Unknown
1328	Ollo Lophand	t	Night's Watch	Unknown
1329	Olyvar Oakheart	t	House Oakheart	Unknown
1330	Olenna Redwyne	f	House Redwyne	Unknown
1333	Omer Blackberry	f	House Blackberry	Unknown
1334	Ondrew Locke	t	House Locke	Unknown
1336	Orbert Caswell	t	House Caswell	Unknown
1339	Orivel	t	Kingsguard	Unknown
1342	Orland of Oldtown	t	House Baratheon of King's Landing	Unknown
1344	Ormond Osgrey	f	House Osgrey	Unknown
1345	Ormund Wylde	t	House Wylde	Unknown
1346	Ormond Westerling	t	House Westerling	Unknown
1348	Orphan Oss	t	Night's Watch	Unknown
1349	Ormond Yronwood	t	House Yronwood	Unknown
1351	Orton Merryweather	t	House Merryweather	Unknown
1352	Osbert Serry	f	House Serry	Unknown
1354	Osfryd Kettleblack	t	House Kettleblack	Unknown
1386	Pate (Night's Watch)	t	Night's Watch	Unknown
1388	Pate (Standfast)	t	House Osgrey	Unknown
1389	Pearse Caron	t	House Caron	Unknown
1390	Penny	f	Second Sons	Unknown
1391	Patrek Mallister	t	House Mallister	Unknown
1393	Patrek Vance	f	House Vance	Unknown
1394	Paxter Redwyne	t	House Redwyne	Unknown
1395	Perros Blackmont	t	House Blackmont	Unknown
1396	Perriane Frey	f	House Haigh	Unknown
1399	Perwyn Osgrey	t	House Osgrey	Unknown
1400	Philip Foote	t	House Foote	Unknown
1401	Peter Plumm	t	House Plumm	Unknown
1402	Plummer	t	House Ashford	Unknown
1403	Philip Plumm	t	House Plumm	Unknown
1404	Pia	f	House Whent	Unknown
1408	Pollitor	t	Alchemists' Guild	Unknown
1410	Porridge	t	House Baratheon of Dragonstone	Unknown
1413	Polliver	t	House Clegane	Unknown
1415	Poul Pemford	t	House Pemford	Unknown
1417	Prendahl na Ghezn	t	Stormcrows	Unknown
1419	Puckens	t	House Lannister	Unknown
1421	Puddingfoot	f	Brotherhood without banners	Unknown
1422	Preston Greenfield	t	House Greenfield	Unknown
1424	Pyg	t	Brave Companions	Unknown
1425	Pypar	t	Night's Watch	Unknown
1426	Pylos	t	House Baratheon of Dragonstone	Unknown
1427	Qalen	t	House Greyjoy	Unknown
1428	Pycelle	t	House Lannister	Unknown
1430	Qarl Kenning	f	House Kenning of Harlaw	Unknown
1432	Qarl Correy	t	House Velaryon	Unknown
1433	Qarl Shepherd	f	House Shepherd	Unknown
1436	Qezza	f	House of Galare	Unknown
1437	Qarlton Chelsted	t	House Chelsted	Unknown
1439	Lord Commander Qorgyle	t	House Qorgyle	Unknown
1444	Quellon Humble	t	House Humble	Unknown
1447	Quenten Banefort	t	House Banefort	Unknown
1448	Quellon Botley	t	House Botley	Unknown
1449	Quellon Greyjoy	t	House Greyjoy	Unknown
1450	Quenton Hightower	t	House Hightower	Unknown
1451	Quentyn Ball	t	House Ball	Unknown
1452	Quentyn Blackwood	t	House Blackwood	Unknown
1453	Quenton Greyjoy	t	House Greyjoy	Unknown
1455	Quickfinger	t	House Blackfyre	Unknown
1456	Quentyn Qorgyle	f	House Qorgyle	Unknown
1459	Quincy Cox	t	House Cox	Unknown
1460	Quort	t	wildling	Unknown
1463	Racallio Ryndoon	t	Kingdom of the Three Daughters	Unknown
1464	Qyburn	t	House Lannister	Unknown
1465	Ragnor Pyke	t	House Greyjoy	Unknown
1490	Raynald Westerling	t	House Westerling	Unknown
1491	Raynard Ruttiger	f	House Ruttiger	Unknown
1492	Red Alyn of the Rosewood	t	Night's Watch	Unknown
1497	Red Rolfe	t	House Greyjoy	Unknown
1499	Redwyn	t	Night's Watch	Unknown
1500	Regenard Estren	t	House Estren	Unknown
1501	Renfred Rykker	t	House Rykker	Unknown
1502	Reek	t	House Bolton	Unknown
1503	Reynard Webber	f	House Webber	Unknown
1504	Renly Norcross	t	House Norcross	Unknown
1506	Reznak mo Reznak	t	House of Reznak	Unknown
1507	Rennifer Longwaters	t	House Longwaters	Unknown
1405	Petyr Baelish	t	House Baelish	Totally
1331	Olyvar Frey	t	House Frey	Totally
1423	Pyat Pree	f	Undying Ones	Totally
1495	Red Lamb	t	House Targaryen	Totally
1314	Nymeria	f	House Martell	Totally
1318	Nymeria Sand	f	House Martell	Totally
1319	Obella Sand	f	House Martell	Totally
1337	Olymer Tyrell	t	House Tyrell	Totally
1457	Quentin Tyrell	t	House Tyrell	Totally
1494	Raymund Tyrell	f	House Tyrell	Totally
1332	Olene Tyrell	f	House Tyrell	Totally
1383	Pate of the Blue Fork	t	House Frey	Totally
1397	Perwyn Frey	t	House Frey	Totally
1398	Perra Frey	f	House Frey	Totally
1406	Petyr Frey	t	House Frey	Totally
1493	Raymund Frey	t	House Frey	Totally
1440	Qhorin Halfhand	t	Night's Watch	Totally
1409	Podrick Payne	t	House Payne	Not yet
1412	Porther	t	House Stark	Totally
1416	Poxy Tym	t	House Stark	Totally
1446	Quent	t	House Stark	Totally
1353	Osha	f	House Stark	Totally
1521	Rhea Florent	f	House Florent	Unknown
1522	Rhea Royce	f	House Royce	Unknown
1523	Rhonda Rowan	f	House Rowan	Unknown
1525	Rhialta Vance	f	House Vance of Wayfarer's Rest	Unknown
1526	Richard Farrow	t	House Farrow	Unknown
1528	Richard Lonmouth	t	House Lonmouth	Unknown
1529	Richard Horpe	t	House Horpe	Unknown
1531	Rickard Ryswell	t	House Ryswell	Unknown
1532	Rickard Thorne	t	House Thorne	Unknown
1533	Rickard Karstark	t	House Karstark	Unknown
1535	Rickard Wylde	f	House Wylde	Unknown
1536	Rob	t	House Osgrey	Unknown
1539	Robb Reyne	t	House Reyne	Unknown
1541	Robar Royce	t	House Royce	Unknown
1542	Robert Ashford	t	House Ashford	Unknown
1543	Robert Brax	f	House Brax	Unknown
1544	Robert Brax (son of Flement)	t	House Brax	Unknown
1545	Robert Arryn	t	House Arryn	Unknown
1546	Robert Flowers	t	Kingsguard	Unknown
1548	Robert Paege	f	House Paege	Unknown
1552	Robin Flint	t	House Flint of Widow's Watch	Unknown
1553	Robett Glover	t	House Glover	Unknown
1554	Robin Hill	t	Night's Watch	Unknown
1555	Robin Greyjoy	t	House Greyjoy	Unknown
1557	Robin Moreland	t	House Moreland	Unknown
1558	Robin Potter	t	House Potter	Unknown
1559	Robin Hollard	t	House Hollard	Unknown
1560	Robin Ryger	t	House Ryger	Unknown
1562	Robyn Rhysling	t	House Rhysling	Unknown
1563	Rodrik Flint	t	House Flint	Unknown
1566	Rodrik Greyjoy	t	House Greyjoy	Unknown
1567	Rodrik Ryswell	t	House Ryswell	Unknown
1568	Roelle	f	House Tarth	Unknown
1569	Rodrik Harlaw	t	House Harlaw	Unknown
1570	Roger Hogg	t	House Hogg	Unknown
1575	Roger Ryswell	t	House Ryswell	Unknown
1576	Roland Crakehall (Lord)	t	House Crakehall	Unknown
1593	Ronald Vance	t	House Vance of Atranta	Unknown
1594	Ronnel Harclay	t	House Harclay	Unknown
1595	Ronnel Stout	f	House Stout	Unknown
1599	Ronnet Connington	t	House Connington	Unknown
1600	Roose Ryswell	t	House Ryswell	Unknown
1601	Rorge	t	Brave Companions	Unknown
1602	Roryn Drumm	f	House Drumm	Unknown
1603	Roose Bolton	t	House Bolton	Unknown
1604	Rosamund Lannister	f	House Lannister of Lannisport	Unknown
1606	Royce Coldwater	f	House Coldwater	Unknown
1607	Rudge	t	Night's Watch	Unknown
1609	Rossart	t	Alchemists' Guild	Unknown
1611	Rufus Leek	f	House Leek	Unknown
1613	Runcel Hightower	t	House Hightower	Unknown
1614	Rupert Crabb	f	House Crabb	Unknown
1616	Rus	f	Drowned men	Unknown
1617	Rusty Flowers	t	Night's Watch	Unknown
1618	Rupert Brax	t	House Brax	Unknown
1620	Rycherd Crane	f	House Crane	Unknown
1621	Ryam Florent	t	House Florent	Unknown
1623	Ryam Redwyne	t	House Redwyne	Unknown
1624	Ryles	f	Night's Watch	Unknown
1627	Ryella Royce	f	House Royce	Unknown
1628	Rymolf	f	House Greyjoy	Unknown
1629	Rylene Florent	f	House Florent	Unknown
1633	Ryon Allyrion	t	House Allyrion	Unknown
1634	Sailor's Wife	f	Happy Port	Unknown
1636	Salladhor Saan	t	House Baratheon of Dragonstone	Unknown
1637	Sallor	t	Stormcrows	Unknown
1639	Sam Stoops	t	House Osgrey	Unknown
1640	Samwell Spicer	t	House Spicer	Unknown
1641	Sallei Paege	f	House Paege	Unknown
1642	Salloreon	t	Antler Men	Unknown
1643	Samwell Stone	t	House Royce	Unknown
1647	Sandor Clegane	t	House Clegane	Unknown
1649	Sargon Botley	t	House Botley	Unknown
1650	Sarya Whent	f	House Whent	Unknown
1651	Satin	t	Night's Watch	Unknown
1653	Sawwood	t	Night's Watch	Unknown
1655	Scolera	f	Faith of the Seven	Unknown
1657	Sebaston Farman	t	House Farman	Unknown
1658	Sawane Botley	t	House Botley	Unknown
1659	Sefton Staunton	t	House Staunton	Unknown
1551	Robert Baratheon	t	House Baratheon of King's Landing	Totally
1565	Rodrik Cassel	t	House Cassel	Totally
1512	Rhaegar Targaryen	t	House Targaryen	Totally
1527	Ricasso	f	House Martell	Totally
1646	Sarella Sand	f	House Martell	Totally
1538	Rickard Tyrell	t	House Tyrell	Totally
1549	Robert Frey	f	House Frey	Totally
1556	Robert Frey (son of Raymund)	t	House Frey	Totally
1608	Roslin Frey	t	House Frey	Totally
1622	Ryger Rivers	t	House Frey	Totally
1626	Ryella Frey	f	House Frey	Totally
1635	Ryman Frey	t	House Frey	Totally
1645	Sandor Frey	f	House Frey	Totally
1654	Sarra Frey	f	House Frey	Totally
1648	Sansa Stark	f	House Stark	Not yet
1644	Samwell Tarly	t	Night's Watch	Not yet
1530	Rickard Stark (King)	t	House Stark	Totally
1537	Rickard Stark	t	House Stark	Totally
1564	Rodrik Stark	t	House Stark	Totally
1572	Rodrik Stark (son of Beron)	t	House Stark	Totally
1574	Rodwell Stark	t	House Stark	Totally
1660	Selmond Stackspear	f	House Stackspear	Unknown
1661	Senelle	t	House Lannister	Unknown
1662	Selwyn Tarth	t	House Tarth	Unknown
1664	Serala	f	House Darklyn	Unknown
1665	Serwyn of the Mirror Shield	t	Kingsguard	Unknown
1666	Shadrick	t	House Baelish of Harrenhal	Unknown
1667	Selyse Florent	f	House Florent	Unknown
1669	Shagga	t	Stone Crows	Unknown
1672	Shagwell	t	Brave Companions	Unknown
1676	Shella Whent	f	House Whent	Unknown
1677	Shierle Swyft	f	House Swyft	Unknown
1678	Shiera Crakehall	f	House Crakehall	Unknown
1681	Shortear	t	House Lannister	Unknown
1682	Shyra Errol	f	House Errol	Unknown
1683	Shireen Baratheon	f	House Baratheon of Dragonstone	Unknown
1684	Sigfry Stonetree	t	House Stonetree	Unknown
1685	Sigrin	t	House Greyjoy	Unknown
1686	Simon Leygood	f	House Leygood	Unknown
1687	Simon Staunton	t	House Staunton	Unknown
1688	Simon Toyne	f	House Toyne	Unknown
1689	Skinner	t	House Bolton	Unknown
1690	Skahaz mo Kandaq	t	House of Kandaq	Unknown
1721	Steffon Stackspear	t	House Stackspear	Unknown
1722	Steffon Darklyn	t	House Darklyn	Unknown
1723	Steffon Swyft	t	House Swyft	Unknown
1724	Stiv	t	Night's Watch	Unknown
1727	Stygg	t	House Greyjoy	Unknown
1728	Styr	t	Thenn	Unknown
1729	Stonesnake	t	Night's Watch	Unknown
1730	Sumner Crakehall	t	House Crakehall	Unknown
1733	Sylas	f	House Greyjoy	Unknown
1735	Sybelle Glover	f	House Locke	Unknown
1736	Sybell Spicer	f	House Spicer	Unknown
1737	Sylva Santagar	f	House Santagar	Unknown
1739	Symon Santagar	t	House Santagar	Unknown
1742	Sylwa Paege	f	House Paege	Unknown
1743	Symon Hollard	t	House Hollard	Unknown
1744	Symond Templeton	t	House Templeton	Unknown
1745	Symond Botley	t	House Botley	Unknown
1750	Taena of Myr	f	House Merryweather	Unknown
1751	Talla Tarly	t	House Tarly	Unknown
1752	Tallad	t	House Baratheon of King's Landing	Unknown
1755	Tansy	f	Peach	Unknown
1757	Tanton Fossoway	f	House Fossoway of Cider Hall	Unknown
1759	Tarle	t	Drowned men	Unknown
1761	Tanda Stokeworth	f	House Stokeworth	Unknown
1763	Terrence Kenning	f	House Kenning of Kayce	Unknown
1764	Terrance Lynderly	f	House Lynderly	Unknown
1767	Terrence Toyne	t	House Toyne	Unknown
1768	Theo Wull	t	House Wull	Unknown
1769	Theomar Smallwood	t	House Smallwood	Unknown
1771	Theodan Wells	t	House Wells	Unknown
1772	Theomore	t	House Manderly	Unknown
1775	Thormor Ironmaker	t	House Ironmaker	Unknown
1776	Thoren Smallwood	t	Night's Watch	Unknown
1778	Theomore Harlaw	t	House Harlaw	Unknown
1779	Three Toes	t	Brave Companions	Unknown
1780	Three-Tooth	f	House Harlaw	Unknown
1784	Tim Tangletongue	f	Night's Watch	Unknown
1785	Tim Stone	t	Night's Watch	Unknown
1786	Timeon	t	Brave Companions	Unknown
1787	Timett (father)	f	Burned Men	Unknown
1790	Timett	t	Burned Men	Unknown
1791	Titus Peake	t	House Peake	Unknown
1792	Tobbot	f	House Clegane	Unknown
1794	Todder	t	Night's Watch	Unknown
1798	Tom Costayne	f	House Costayne	Unknown
1799	Togg Joth	t	Brave Companions	Unknown
1802	Tom of Sevenstreams	t	Brotherhood without banners	Unknown
1803	Tommard Heddle	t	House Heddle	Unknown
1804	Tommen Costayne	f	House Costayne	Unknown
1830	Tumberjon	t	Night's Watch	Unknown
1835	Tya Lannister	f	House Baratheon	Unknown
1836	Tybero Istarion	t	Second Sons	Unknown
1837	Tybolt Hetherspoon	t	House Hetherspoon	Unknown
1838	Tybolt Crakehall	t	House Crakehall	Unknown
1839	Tyana Wylde	f	House Wylde	Unknown
1840	Tycho Nestoris	t	Iron Bank of Braavos	Unknown
1841	Tybolt Lannister	t	House Lannister	Unknown
1842	Tymor	t	House Greyjoy	Unknown
1844	Tyland Lannister	t	House Lannister	Unknown
1845	Tygett Lannister	t	House Lannister	Unknown
1846	Tyrek Lannister	t	House Lannister	Unknown
1847	Tyrion Tanner	t	House Stokeworth	Unknown
1851	Tytos Blackwood	t	House Blackwood	Unknown
1852	Tytos Brax	t	House Brax	Unknown
1783	Tickler	t	House Clegane	Totally
1675	Shiera Seastar	f	House Targaryen	Totally
1789	Timoth	t	House Martell	Totally
1834	Trystane Martell	t	House Martell	Totally
1843	Tyene Sand	f	House Martell	Totally
1777	Theodore Tyrell	t	House Tyrell	Totally
1673	Serra Frey	f	House Frey	Totally
1680	Shirei Frey	f	House Frey	Totally
1732	Stevron Frey	t	House Frey	Totally
1781	Thoros of Myr	t	Brotherhood without banners	Totally
1854	Tyrion Lannister	t	House Lannister	Not yet
1782	Theon Greyjoy	t	House Greyjoy	Not yet
1679	Shyra	f	House Stark	Totally
1746	Syrio Forel	f	House Stark	Totally
1773	Theon Stark	t	House Stark	Totally
1800	TomToo	f	House Stark	Totally
1801	Tomard	t	House Stark	Totally
1832	Turnip	f	House Stark	Totally
1856	Ulf son of Umar	t	Moon Brothers	Unknown
1857	Ulf the Ill	t	House Greyjoy	Unknown
1858	Ulf the White	t	Blacks	Unknown
1859	Tytos Lannister	t	House Lannister	Unknown
1860	Uller	t	House Greyjoy	Unknown
1862	Ulrick Dayne	t	House Dayne	Unknown
1863	Ulmer	t	Kingswood Brotherhood	Unknown
1864	Umar	f	Moon Brothers	Unknown
1866	Umfred	f	House Baelish	Unknown
1867	Umma	f	Faceless Men	Unknown
1868	Ulwyck Uller	t	House Uller	Unknown
1869	Unella	f	Faith of the Seven	Unknown
1870	Urek Ironmaker	t	House Ironmaker	Unknown
1873	Urras Ironfoot	t	House Greyiron	Unknown
1874	Urron Greyiron	t	House Greyiron	Unknown
1875	Urswyck	t	Brave Companions	Unknown
1876	Urzen	t	House Greyjoy	Unknown
1877	Uthor Tollett	f	House Tollett	Unknown
1878	Urrigon Greyjoy	t	House Greyjoy	Unknown
1879	Utherydes Wayn	f	House Wayn	Unknown
1881	Utt	t	Brave Companions	Unknown
1884	Vaemond Velaryon	t	House Velaryon	Unknown
1886	Vardis Egen	t	House Egen	Unknown
1887	Valaena Velaryon	f	House Velaryon	Unknown
1890	Vargo Hoat	t	Brave Companions	Unknown
1892	Vayon Poole	t	House Poole	Unknown
1893	Vickon Greyjoy	t	House Greyjoy	Unknown
1895	Vickon Botley	t	House Botley	Unknown
1897	Victarion Greyjoy	t	House Greyjoy	Unknown
1900	Viserys Plumm	f	House Plumm	Unknown
1901	Vortimer Crane	f	House Crane	Unknown
1903	Vylarr	t	House Lannister	Unknown
1905	Waif	f	Faceless Men	Unknown
1916	Walder Brax	f	House Brax	Unknown
1942	Wat (Whitesmile)	t	House Lannister	Unknown
1943	Watt	t	Night's Watch	Unknown
1945	Watty	t	Brotherhood without banners	Unknown
1949	Waymar Royce	t	House Royce	Unknown
1950	Weese	t	House Whent	Unknown
1951	Wenda	f	Kingswood Brotherhood	Unknown
1952	Wendamyr	t	House Greyjoy	Unknown
1954	Wendell Webber	t	House Webber	Unknown
1955	Werlag	t	House Greyjoy	Unknown
1957	Wendel Manderly	t	House Manderly	Unknown
1959	Wex Pyke	t	House Botley	Unknown
1960	Wilbert Osgrey	t	House Osgrey	Unknown
1963	Will	t	Night's Watch	Unknown
1966	Will (Hookface)	t	House Baratheon of Dragonstone	Unknown
1967	Will (Standfast)	f	House Osgrey	Unknown
1969	Will (Treb)	t	House Osgrey	Unknown
1970	Will Humble	t	House Humble	Unknown
1973	Willam Wythers	t	House Wythers	Unknown
1974	Willam Wells	t	House Wells	Unknown
1975	Willam Dustin	t	House Dustin	Unknown
1976	Willem Darry	t	House Darry	Unknown
1978	Willem Wylde	t	House Wylde	Unknown
1980	Willem Lannister	t	House Lannister	Unknown
1982	William Mooton	t	House Mooton	Unknown
1984	Willis Wode	t	House Wode	Unknown
1985	Willit	t	House Swyft	Unknown
1986	Willis Fell	t	House Fell	Unknown
1987	Willow Heddle	f	Brotherhood Without Banners	Unknown
1988	Wolmer	t	House Webber	Unknown
1992	Wulfe	t	House Greyjoy	Unknown
1995	Wyl Waynwood	f	House Waynwood	Unknown
1997	Wylla	t	House Dayne	Unknown
1998	Wylla Manderly	f	House Manderly	Unknown
1999	Wylis Manderly	t	House Manderly	Unknown
2000	Wynafryd Manderly	f	House Manderly	Unknown
2001	Wyman Manderly	t	House Manderly	Unknown
2002	Wynton Stout	t	House Stout	Unknown
2003	Wynafrei Whent	f	House Whent	Unknown
2006	Xaro Xhoan Daxos	t	Thirteen	Unknown
2008	Ygon Farwynd	t	House Farwynd of the Lonely Light	Unknown
2009	Yna	f	Happy Port	Unknown
2010	Yellow Dick	t	House Bolton	Unknown
2013	Yohn Farwynd	t	House Farwynd of the Lonely Light	Unknown
2016	Yoren	t	Night's Watch	Unknown
2017	Young Henly	t	Night's Watch	Unknown
2018	Yohn Royce	t	House Royce	Unknown
2023	Ysilla Royce	t	House Royce	Unknown
2025	Zharaq zo Loraq	t	House of Loraq	Unknown
2026	Zollo	t	Brave Companions	Unknown
2027	Zhoe Blanetree	f	House Blanetree	Unknown
1898	Victaria Tyrell	f	House Tyrell	Totally
1899	Victor Tyrell	f	House Tyrell	Totally
1888	Varly	f	House Stark	Totally
1946	Wayn (guard)	t	House Stark	Totally
2011	Ygritte	f	Mance Rayder	Totally
1979	Willam Stark	t	House Stark	Totally
1889	Valarr Targaryen	t	House Targaryen	Totally
1944	Wate	t	House Targaryen	Totally
1983	Willas Tyrell	t	House Tyrell	Totally
1861	Tywin Frey (son of Raymund)	t	House Frey	Totally
1912	Walda Rivers	f	House Frey	Totally
1913	Walda Rivers (daughter of Aemon)	f	House Frey	Totally
1914	Walda Frey (daughter of Rhaegar)	f	House Frey	Totally
1915	Walda Frey (daughter of Merrett)	f	House Frey	Totally
1956	Wendel Frey	t	House Frey	Totally
1993	Wyl (guard)	t	House Stark	Totally
3	Addam	t	No Affiliation	Unknown
33	Aethelmure	f	No Affiliation	Unknown
38	Agrivane	f	No Affiliation	Unknown
42	Alaric of Eysen	f	No Affiliation	Unknown
57	Alia	f	No Affiliation	Unknown
58	Alfyn	t	No Affiliation	Unknown
59	All-for-Joffrey	t	No Affiliation	Unknown
61	Allaquo	t	No Affiliation	Unknown
67	Alyce	t	No Affiliation	Unknown
94	Ambrode	f	No Affiliation	Unknown
110	Anvil Ryn	t	No Affiliation	Unknown
120	Armen	t	No Affiliation	Unknown
123	Arneld	t	No Affiliation	Unknown
124	Arlan of Pennytree	t	No Affiliation	Unknown
131	Arson	t	No Affiliation	Unknown
144	Assadora of Ibben	f	No Affiliation	Unknown
148	Ayrmidon	f	No Affiliation	Unknown
152	Azor Ahai	t	No Affiliation	Unknown
154	Bael the Bard	t	No Affiliation	Unknown
171	Barre	t	No Affiliation	Unknown
173	Barsena Blackhair	f	No Affiliation	Unknown
181	Becca the Baker	f	No Affiliation	Unknown
184	Beck	t	No Affiliation	Unknown
189	Beldecar	f	No Affiliation	Unknown
192	Bellegere Otherys	f	No Affiliation	Unknown
193	Bella	f	No Affiliation	Unknown
194	Bellegere Otherys (Courtesan)	f	No Affiliation	Unknown
195	Bellonara Otherys	f	No Affiliation	Unknown
196	Ben	t	No Affiliation	Unknown
204	Benedict	t	No Affiliation	Unknown
212	Bennet	f	No Affiliation	Unknown
214	Beqqo	f	No Affiliation	Unknown
221	Beric Dondarrion	t	No Affiliation	Unknown
222	Bessa	f	No Affiliation	Unknown
223	Bessa (Winterfell)	t	No Affiliation	Unknown
225	Bethany (Blushing Bethany)	f	No Affiliation	Unknown
228	Bethany Fair-Fingers	f	No Affiliation	Unknown
234	Bharbo	f	No Affiliation	Unknown
235	Big Boil	t	No Affiliation	Unknown
242	Blind Doss	t	No Affiliation	Unknown
246	Bodger	f	No Affiliation	Unknown
249	Borroq	t	No Affiliation	Unknown
250	Boy	t	No Affiliation	Unknown
267	Brea	f	No Affiliation	Unknown
269	Briar	f	No Affiliation	Unknown
270	Brogg	t	No Affiliation	Unknown
271	Brusco	t	No Affiliation	Unknown
275	Bryan of Oldtown	t	No Affiliation	Unknown
283	Bump	t	No Affiliation	Unknown
285	Buu	f	No Affiliation	Unknown
289	Byan Votyris	t	No Affiliation	Unknown
291	Byren Flowers	t	No Affiliation	Unknown
299	Canker Jeyne	f	No Affiliation	Unknown
302	Cass	f	No Affiliation	Unknown
306	Castos	f	No Affiliation	Unknown
317	Cetheres	f	No Affiliation	Unknown
320	Chayle	t	No Affiliation	Unknown
324	Chiggen	t	No Affiliation	Unknown
332	Clement	t	No Affiliation	Unknown
335	Cleon	t	No Affiliation	Unknown
446	Dhazzar	f	No Affiliation	Unknown
348	Collio Quaynis	t	No Affiliation	Unknown
357	Cossomo	t	No Affiliation	Unknown
361	Craster	t	No Affiliation	Unknown
364	Creighton Longbough	t	No Affiliation	Unknown
368	Cressen	t	No Affiliation	Unknown
369	Cutjack	t	No Affiliation	Unknown
379	Daeryssa	f	No Affiliation	Unknown
403	Dalla	f	No Affiliation	Unknown
410	Dan	t	No Affiliation	Unknown
419	Daughter of the Dusk	f	No Affiliation	Unknown
423	Del	t	No Affiliation	Unknown
431	Denestan	f	No Affiliation	Unknown
433	Denyo Terys	t	No Affiliation	Unknown
444	Devyn Sealskinner	t	No Affiliation	Unknown
453	Dobber	t	No Affiliation	Unknown
467	Donyse	f	No Affiliation	Unknown
472	Dormund	t	No Affiliation	Unknown
474	Draqaz	f	No Affiliation	Unknown
478	Dudley	t	No Affiliation	Unknown
480	Dryn	t	No Affiliation	Unknown
489	Dyah	f	No Affiliation	Unknown
494	Ebrose	t	No Affiliation	Unknown
518	Eldiss	t	No Affiliation	Unknown
541	Emma	f	No Affiliation	Unknown
545	Endehar	f	No Affiliation	Unknown
552	Eroeh	f	No Affiliation	Unknown
556	Erreck	t	No Affiliation	Unknown
557	Erreg	t	No Affiliation	Unknown
558	Errok	t	No Affiliation	Unknown
559	Esgred	t	No Affiliation	Unknown
567	Ezzara	f	No Affiliation	Unknown
574	Fern	f	No Affiliation	Unknown
577	Ferny	f	No Affiliation	Unknown
578	Ferret	f	No Affiliation	Unknown
579	Ferrego Antaryon	t	No Affiliation	Unknown
581	Fogo	t	No Affiliation	Unknown
587	Fralegg	t	No Affiliation	Unknown
588	Frenken	t	No Affiliation	Unknown
589	Frynne	f	No Affiliation	Unknown
590	Frenya	f	No Affiliation	Unknown
593	Galladon of Morne	t	No Affiliation	Unknown
596	Gallard	t	No Affiliation	Unknown
597	Galtry the Green	t	No Affiliation	Unknown
600	Galyeon of Cuy	t	No Affiliation	Unknown
601	Gareth the Grey	t	No Affiliation	Unknown
606	Garin (Orphans)	t	No Affiliation	Unknown
607	Garizon	f	No Affiliation	Unknown
614	Garth Gardener (Greenhand)	t	No Affiliation	Unknown
621	Gavin	t	No Affiliation	Unknown
628	Gendel	t	No Affiliation	Unknown
633	Genna Lannister	f	No Affiliation	Unknown
637	Gerren	f	No Affiliation	Unknown
2028	Zia Frey	f	House Frey	Totally
647	Gilly	f	No Affiliation	Not yet
641	Ghael	t	No Affiliation	Unknown
645	Ghost of High Heart	f	No Affiliation	Unknown
646	Gillam	t	No Affiliation	Unknown
650	Glendon Flowers	t	No Affiliation	Unknown
658	Gorghan of Old Ghis	f	No Affiliation	Unknown
661	Gorne	t	No Affiliation	Unknown
665	Grazdan	t	No Affiliation	Unknown
669	Grazdan (Great)	t	No Affiliation	Unknown
673	Great Walrus	t	No Affiliation	Unknown
675	Green Gergen	t	No Affiliation	Unknown
679	Grey King	t	No Affiliation	Unknown
681	Griffin King	t	No Affiliation	Unknown
683	Grigg	t	No Affiliation	Unknown
686	Grisella	f	No Affiliation	Unknown
691	Gulian	t	No Affiliation	Unknown
699	Guyne	f	No Affiliation	Unknown
707	Gyleno Dothare	t	No Affiliation	Unknown
711	Gyloro Dothare	t	No Affiliation	Unknown
716	Haggo	t	No Affiliation	Unknown
717	Haggon	t	No Affiliation	Unknown
725	Hali	f	No Affiliation	Unknown
729	Hamish the Harper	t	No Affiliation	Unknown
730	Hareth (Maester)	t	No Affiliation	Unknown
735	Harghaz	t	No Affiliation	Unknown
736	Harle the Handsome	t	No Affiliation	Unknown
739	Harle the Huntsman	t	No Affiliation	Unknown
743	Harma	f	No Affiliation	Unknown
748	Harodon	f	No Affiliation	Unknown
752	Harren Half-Hoare	t	No Affiliation	Unknown
762	Harsley	t	No Affiliation	Unknown
772	Hazzea	f	No Affiliation	Unknown
775	Helliweg	t	No Affiliation	Unknown
776	Helly	t	No Affiliation	Unknown
778	Henk	t	No Affiliation	Unknown
785	Hibald	t	No Affiliation	Unknown
790	Hod	t	No Affiliation	Unknown
795	Holly	t	No Affiliation	Unknown
803	Hot Pie	t	No Affiliation	Unknown
804	Howd Wanderer	t	No Affiliation	Unknown
816	Hugor of the Hill	t	No Affiliation	Unknown
823	Hunnimore	f	No Affiliation	Unknown
825	Husband	t	No Affiliation	Unknown
828	Illifer	t	No Affiliation	Unknown
830	Ironbelly	t	No Affiliation	Unknown
855	Jarl	t	No Affiliation	Unknown
862	Jate	f	No Affiliation	Unknown
869	Jenny (Oldstones)	t	No Affiliation	Unknown
885	Jhaqo	f	No Affiliation	Unknown
886	Jeyne Waters	t	No Affiliation	Unknown
887	Jhezane	f	No Affiliation	Unknown
898	Jommo	t	No Affiliation	Unknown
916	Jon Pox	t	No Affiliation	Unknown
918	Jon Vance	t	No Affiliation	Unknown
922	Jon Waters	t	No Affiliation	Unknown
930	Joramun	t	No Affiliation	Unknown
934	Joseran	f	No Affiliation	Unknown
941	Joss	f	No Affiliation	Unknown
942	Joss the Gloom	t	No Affiliation	Unknown
944	Joth Quickbow	f	No Affiliation	Unknown
946	Jurne	f	No Affiliation	Unknown
953	Jyzene	f	No Affiliation	Unknown
957	Kaeth	t	No Affiliation	Unknown
960	Kedry	t	No Affiliation	Unknown
963	Kemmett Pyke	t	No Affiliation	Unknown
964	Kenned	t	No Affiliation	Unknown
969	Khorane Sathmantes	t	No Affiliation	Unknown
970	Kirby Pimm	t	No Affiliation	Unknown
972	Kojja Mo	f	No Affiliation	Unknown
975	Koss	t	No Affiliation	Unknown
979	Kurz	t	No Affiliation	Unknown
982	Kyle	t	No Affiliation	Unknown
984	Kyleg	t	No Affiliation	Unknown
986	Kym	f	No Affiliation	Unknown
988	Lady of the Leaves	f	No Affiliation	Unknown
996	Lanna	f	No Affiliation	Unknown
1003	Larraq	t	No Affiliation	Unknown
1004	Layna	f	No Affiliation	Unknown
1011	Lenn	f	No Affiliation	Unknown
1012	Lennocks	t	No Affiliation	Unknown
1014	Lenyl	t	No Affiliation	Unknown
1038	Lister	t	No Affiliation	Unknown
1042	Lomys	t	No Affiliation	Unknown
1047	Lorcas	t	No Affiliation	Unknown
1050	Lormelle	f	No Affiliation	Unknown
1051	Lorren	t	No Affiliation	Unknown
1053	Lothar	t	No Affiliation	Unknown
1056	Lotho Lornel	f	No Affiliation	Unknown
1058	Lucantine Woodwright	f	No Affiliation	Unknown
1072	Luco Prestayn	f	No Affiliation	Unknown
1074	Lucos	t	No Affiliation	Unknown
1118	Maerie (Goodwife)	f	No Affiliation	Unknown
1122	Mag Mar Tun Doh Weg	t	No Affiliation	Unknown
1123	Maerie (Whore)	f	No Affiliation	Unknown
1124	Mago	t	No Affiliation	Unknown
1125	Maggy	t	No Affiliation	Unknown
1126	Malcolm	t	No Affiliation	Unknown
1127	Malleon	t	No Affiliation	Unknown
1131	Mallor (Knight)	t	No Affiliation	Unknown
1134	Mance Rayder	t	No Affiliation	Unknown
1144	Maris	f	No Affiliation	Unknown
1146	Marillion	t	No Affiliation	Unknown
1168	Marwyn	t	No Affiliation	Unknown
1171	Masha Heddle	t	No Affiliation	Unknown
1173	Mathos Mallarawan	f	No Affiliation	Unknown
1174	Matt	t	No Affiliation	Unknown
1178	Maynard	t	No Affiliation	Unknown
1183	Mebble	t	No Affiliation	Unknown
1188	Meha	f	No Affiliation	Unknown
1189	Meizo Mahr	f	No Affiliation	Unknown
1191	Melaquin	f	No Affiliation	Unknown
1192	Medwick Tyrell	t	No Affiliation	Unknown
1196	Meliana	f	No Affiliation	Unknown
1198	Melicent	f	No Affiliation	Unknown
1207	Mellos	t	No Affiliation	Unknown
1208	Melwys Rivers	f	No Affiliation	Unknown
1211	Merling Queen	f	No Affiliation	Unknown
1217	Merry Meg	f	No Affiliation	Unknown
1224	Miklaz	f	No Affiliation	Unknown
1232	Mollander	t	No Affiliation	Unknown
1233	Mollos	t	No Affiliation	Unknown
1234	Moonshadow	f	No Affiliation	Unknown
1235	Monster	f	No Affiliation	Unknown
1241	Moredo Prestayn	t	No Affiliation	Unknown
1242	Moreo Tumitis	t	No Affiliation	Unknown
1247	Moro	t	No Affiliation	Unknown
1248	Morna White Mask	f	No Affiliation	Unknown
1250	Morosh the Myrman	t	No Affiliation	Unknown
1259	Mother Mole	f	No Affiliation	Unknown
1262	Mudge (miller)	t	No Affiliation	Unknown
1267	Munda	t	No Affiliation	Unknown
1268	Murch	t	No Affiliation	Unknown
1271	Murenmure	t	No Affiliation	Unknown
1286	Mysaria	f	No Affiliation	Unknown
1287	Myrtle	f	No Affiliation	Unknown
1293	Narbert	t	No Affiliation	Unknown
1295	Ned (ferryman)	t	No Affiliation	Unknown
1296	Narbo	t	No Affiliation	Unknown
1298	Nella	f	No Affiliation	Unknown
1301	Nightingale	f	No Affiliation	Unknown
1304	Nissa Nissa	t	No Affiliation	Unknown
1305	Nolla	f	No Affiliation	Unknown
1308	Norren	t	No Affiliation	Unknown
1313	Nymos	f	No Affiliation	Unknown
1315	Nysterica	f	No Affiliation	Unknown
1316	Normund Tyrell	t	No Affiliation	Unknown
1317	Ocley	f	No Affiliation	Unknown
1321	Ogo	t	No Affiliation	Unknown
1322	Old Crackbones	t	No Affiliation	Unknown
1335	Orbelo	t	No Affiliation	Unknown
1338	Ordello	t	No Affiliation	Unknown
1340	Orell	t	No Affiliation	Unknown
1341	Omer Florent	f	No Affiliation	Unknown
1343	Ormond (knight)	t	No Affiliation	Unknown
1347	Oro Tendyris	t	No Affiliation	Unknown
1350	Orwyle	t	No Affiliation	Unknown
1368	Otter Gimpknee	f	No Affiliation	Unknown
1369	Ottomore	t	No Affiliation	Unknown
1370	Owen (brother of Meribald)	t	No Affiliation	Unknown
1379	Pate (Lancewood)	t	No Affiliation	Unknown
1380	Pate (Mory)	t	No Affiliation	Unknown
1384	Pate (Old)	t	No Affiliation	Unknown
1385	Pate (Pinchbottom)	t	No Affiliation	Unknown
1387	Pate (Shermer's Grove)	t	No Affiliation	Unknown
1392	Penny Jenny	f	No Affiliation	Unknown
1407	Poetess	f	No Affiliation	Unknown
1411	Pono	t	No Affiliation	Unknown
1414	Portifer Woodwright	f	No Affiliation	Unknown
1418	Praed	t	No Affiliation	Unknown
1420	Pudding	f	No Affiliation	Unknown
1429	Qarl the Thrall	t	No Affiliation	Unknown
1431	Qarl the Maid	t	No Affiliation	Unknown
1434	Qarl Quickaxe	t	No Affiliation	Unknown
1435	Qarro Volentin	f	No Affiliation	Unknown
1438	Qos	t	No Affiliation	Unknown
1441	Qotho	t	No Affiliation	Unknown
1442	Quaro	t	No Affiliation	Unknown
1443	Quaithe	f	No Affiliation	Unknown
1445	Quence	t	No Affiliation	Unknown
1454	Quhuru Mo	t	No Affiliation	Unknown
1458	Quill	t	No Affiliation	Unknown
1461	Qyle	t	No Affiliation	Unknown
1462	Rafe	t	No Affiliation	Unknown
1466	Ragwyle	f	No Affiliation	Unknown
1469	Rainbow Knight	f	No Affiliation	Unknown
1470	Ralf (Lordsport)	t	No Affiliation	Unknown
1471	Ralf (Limper)	t	No Affiliation	Unknown
1472	Ralf (Shepherd)	f	No Affiliation	Unknown
1475	Randa	f	No Affiliation	Unknown
1479	Rattleshirt	t	No Affiliation	Unknown
1480	Rawney	t	No Affiliation	Unknown
1487	Raymun Redbeard	t	No Affiliation	Unknown
1496	Redtusk	t	No Affiliation	Unknown
1498	Red Oarsman	t	No Affiliation	Unknown
1505	Reysen	t	No Affiliation	Unknown
1524	Rhogoro	t	No Affiliation	Unknown
1534	Rigney	t	No Affiliation	Unknown
1550	Robin	t	No Affiliation	Unknown
1571	Roger of Pennytree	t	No Affiliation	Unknown
1573	Roggo	t	No Affiliation	Unknown
1578	Rolfe	t	No Affiliation	Unknown
1596	Roone	t	No Affiliation	Unknown
1597	Roone (maester)	t	No Affiliation	Unknown
1598	Roro Uhoris	t	No Affiliation	Unknown
1605	Rosey	f	No Affiliation	Unknown
1610	Rowan	t	No Affiliation	Unknown
1612	Rugen	t	No Affiliation	Unknown
1615	Runciter	t	No Affiliation	Unknown
1619	Ryam	t	No Affiliation	Unknown
1625	Ryk	t	No Affiliation	Unknown
1630	Rymund the Rhymer	f	No Affiliation	Unknown
1631	S'vrone	f	No Affiliation	Unknown
1632	Saathos	t	No Affiliation	Unknown
1652	Scarb	t	No Affiliation	Unknown
1656	Sedgekins	f	No Affiliation	Unknown
1663	Serra	f	No Affiliation	Unknown
1668	Shae	f	No Affiliation	Unknown
1670	Shella	f	No Affiliation	Unknown
1671	Sharna	f	No Affiliation	Unknown
1674	Sherrit	f	No Affiliation	Unknown
1693	Sky Blue Su	f	No Affiliation	Unknown
1694	Sloey	f	No Affiliation	Unknown
1695	Skyte	t	No Affiliation	Unknown
1699	Soren Shieldbreaker	t	No Affiliation	Unknown
1702	Spotted Cat	t	No Affiliation	Unknown
1706	Squirrel	f	No Affiliation	Unknown
1711	Steely Pate	t	No Affiliation	Unknown
1725	Stone Thumbs	t	No Affiliation	Unknown
1726	Stonehand	t	No Affiliation	Unknown
1561	Rodrik Freeborn	t	No Affiliation	Totally
1226	Mirri Maz Duur	f	No Affiliation	Totally
1731	Sybassion	t	No Affiliation	Unknown
1734	Sylas Flatnose	t	No Affiliation	Unknown
1738	Symeon Star-Eyes	t	No Affiliation	Unknown
1741	Symon Silver Tongue	t	No Affiliation	Unknown
1747	Tagganaro	t	No Affiliation	Unknown
1749	Talea	f	No Affiliation	Unknown
1754	Tanselle	t	No Affiliation	Unknown
1756	Tansy (orphan)	f	No Affiliation	Unknown
1758	Tarber	t	No Affiliation	Unknown
1760	Temmo	t	No Affiliation	Unknown
1762	Ternesio Terys	t	No Affiliation	Unknown
1765	Terro	t	No Affiliation	Unknown
1770	Theobald	t	No Affiliation	Unknown
1774	Thistle	f	No Affiliation	Unknown
1788	Timon	t	No Affiliation	Unknown
1793	Tobho Mott	t	No Affiliation	Unknown
1795	Todric	t	No Affiliation	Unknown
1796	Tion Frey	t	No Affiliation	Unknown
1797	Toefinger	t	No Affiliation	Unknown
1805	Toregg	t	No Affiliation	Unknown
1810	Torwold Browntooth	t	No Affiliation	Unknown
1811	Torwynd	t	No Affiliation	Unknown
1816	Tothmure	f	No Affiliation	Unknown
1817	Tregar Ormollen	t	No Affiliation	Unknown
1829	Tuffleberry	f	No Affiliation	Unknown
1831	Tumco Lho	t	No Affiliation	Unknown
1833	Turquin	t	No Affiliation	Unknown
1849	Tysha	t	No Affiliation	Unknown
1871	Urreg	f	No Affiliation	Unknown
1872	Urrathon	f	No Affiliation	Unknown
1880	Uthor Underleaf	t	No Affiliation	Unknown
1882	Vaellyn	t	No Affiliation	Unknown
1883	Val	f	No Affiliation	Unknown
1885	Varamyr	t	No Affiliation	Unknown
1891	Veiled Lady	f	No Affiliation	Unknown
1894	Varys	t	No Affiliation	Unknown
1896	Violet	f	No Affiliation	Unknown
1904	Vyman	f	No Affiliation	Unknown
1932	Walys Flowers	t	No Affiliation	Unknown
1935	Wat (orphan)	t	No Affiliation	Unknown
1939	Wat (sailor)	t	No Affiliation	Unknown
1947	Weasel	t	No Affiliation	Unknown
1948	Weeper	t	No Affiliation	Unknown
1953	Wendello Qar Deeth	f	No Affiliation	Unknown
1958	Wilbert	t	No Affiliation	Unknown
1962	Will (Fletcher)	f	No Affiliation	Unknown
1964	Will (orphan)	t	No Affiliation	Unknown
1965	Will (squire)	t	No Affiliation	Unknown
1968	Will (Stork)	t	No Affiliation	Unknown
1971	Willam	t	No Affiliation	Unknown
1972	Willamen Frey	t	No Affiliation	Unknown
1981	Willifer	f	No Affiliation	Unknown
1989	Willum	t	No Affiliation	Unknown
1990	Woth	t	No Affiliation	Unknown
1991	Willow Witch-eye	f	No Affiliation	Unknown
1994	Wyl the Whittler	f	No Affiliation	Unknown
2004	Xhondo	t	No Affiliation	Unknown
2007	Ygon Oldfather	t	No Affiliation	Unknown
2014	Yorko Terys	t	No Affiliation	Unknown
2015	Yormwell	t	No Affiliation	Unknown
2019	Ysilla	f	No Affiliation	Unknown
2020	Zarabelo	f	No Affiliation	Unknown
2021	Zei	f	No Affiliation	Unknown
2022	Zekko	t	No Affiliation	Unknown
1812	Tommen Baratheon	t	No Affiliation	Totally
1996	Wun Weg Wun Dar Wun	t	No Affiliation	Totally
1809	Tormund	t	No Affiliation	Not yet
\.


--
-- Name: characters_char_id_seq; Type: SEQUENCE SET; Schema: public; Owner: vagrant
--

SELECT pg_catalog.setval('characters_char_id_seq', 2037, true);


--
-- Data for Name: episodes; Type: TABLE DATA; Schema: public; Owner: vagrant
--

COPY episodes (ep_id, ep_season, ep_name) FROM stdin;
1	1	The Kingsroad
2	1	Lord Snow
3	1	Winter Is Coming
4	1	The Wolf and the Lion
5	1	Cripples, Bastards, and Broken Things
6	1	A Golden Crown
7	1	You Win or You Die
8	1	Fire and Blood
9	1	Baelor
10	1	The Pointy End
11	2	The North Remembers
12	2	The Night Lands
13	2	What Is Dead May Never Die
14	2	Garden of Bones
15	2	The Ghost of Harrenhal
16	2	The Old Gods and the New
17	2	A Man Without Honor
18	2	The Prince of Winterfell
19	2	Valar Morghulis
20	2	Blackwater
21	3	Valar Dohaeris
22	3	Dark Wings, Dark Words
23	3	Walk of Punishment
24	3	And Now His Watch Is Ended
25	3	Kissed by Fire
26	3	The Climb
27	3	Second Sons
28	3	The Bear and the Maiden Fair
29	3	The Rains of Castamere
30	3	Mhysa
31	4	Two Swords
32	4	Breaker of Chains
33	4	The Lion and the Rose
34	4	Oathkeeper
35	4	First of His Name
36	4	Mockingbird
37	4	The Mountain and the Viper
38	4	The Laws of Gods and Men
39	4	The Children
40	4	The Watchers on the Wall
41	5	The House of Black and White
42	5	The Wars to Come
43	5	High Sparrow
44	5	Kill the Boy
45	5	Sons of the Harpy
46	5	Unbowed, Unbent, Unbroken
47	5	The Gift
48	5	Hardhome
49	5	The Dance of Dragons
50	5	Mother's Mercy
\.


--
-- Name: episodes_ep_id_seq; Type: SEQUENCE SET; Schema: public; Owner: vagrant
--

SELECT pg_catalog.setval('episodes_ep_id_seq', 50, true);


--
-- Data for Name: titles; Type: TABLE DATA; Schema: public; Owner: vagrant
--

COPY titles (title_id, title_name) FROM stdin;
1	The Knight of Ninestars
2	Dowager Queen
3	Defender of the Vale
4	Lord of Blackwater Bay
5	Lord of Evenfall Hall, The Evenstar
6	Lady of the Vale
7	Conqueror of Deepwood Motte
8	Lord of Grassy Vale
9	Lord of the Eyrie
10	Knight of the Gate
11	Lady of Hayford
12	Lord of Oakenshield
13	High Steward of Highgarden
14	Lord Norrey
15	Lord of Crows Nest
16	Captain of the Sea Song
17	Warden of the White Knife
18	The Bloodroyal
19	Lord Commander of the Rainbow Guard
20	Lord of Iron Holt
21	Lord of Hellholt
22	Warden of the West
23	Castellan of Dragonstone (formerly)
24	Lord of Brightwater (attainted)
25	Septa
26	Lord of Feastfires
27	Sword of the Morning
28	Master-at-arms of the Red Keep
29	Hand of the True King
30	Lord Protector of the Vale
31	Knight of Clegane's Keep
32	Red Priest
33	Lady of the Crossing
34	Lord Commander of the Kingsguard (former)
35	Lady of Dragonstone
36	Lord of Greenstone
37	Master of Coin
38	Master-at-arms at the Dun Fort
39	Commander
40	Commander of the garrison at White Harbor
41	Septon
42	Lady of the Dreadfort
43	Lord of Goldengrove
44	Lord Commander of the Queensguard
45	Lord of Sandstone
46	Master-at-arms at Storm's End
47	Commander of the Warrior's Sons
48	Lord of Rook's Rest
49	Lord of Ashford
50	Lord of Starpike, Dunstonbury (stripped) and Whitegrove (stripped)
51	Master of coin (formerly)
52	Lady of Acorn Hall
53	Lord of Wayfarer's Rest
54	Lord of Yronwood
55	Queen
56	Queen of Meereen
57	Lord of the Port
58	First Ranger (self-styled)
59	Lady of Ghost Hill
60	Captain of Red Jester
61	Husband to Bears
62	Blue Grace
63	Lord of Claw Isle
64	Castellan of Storm's End
65	Lord of Honeyholt
66	Lady of Greenstone
67	Warlock
68	Lady of Torrhe's Square
69	Lord of Crakehall
70	Lord admiral
71	Lord of the Grey Glen
72	Lord of Raventree Hall
73	Ser (in songs and tales)
74	Lady of Vaith
75	Seneschal of Sunspear
76	Lord of Highgarden
77	Keeper of the Night Lamp
78	Castellan of Karhold
79	Lord of the Deep Den
80	Captain of the Lord Quellon
81	Lord of Storm's End
82	Lord of Castamere
83	Regent
84	Voice of Oldtown
85	Grand admiral (master of ships)
86	Shield of Lannisport
87	Lord Paramount of the Trident (lost to Petyr Baelish)
88	Captain of the Mud Gate
89	Lord
90	Castellan
91	Lord of the Dreadfort
92	Breaker of Chains
93	Master-at-arms at the Red Keep
94	Lady of the Crag
95	The Knight of Brownhollow
96	Lord of Oldcastle
97	Father of the Faithful
98	Lord of Flint's Finger
99	Master-at-arms at Highgarden
100	Lord of Banefort
101	Lord of the Waters
102	Castellan of the Dreadfort
103	Undergaoler
104	Grand admiral
105	King of the Andals and the Rhoynar and the First Men (claimant)
106	Knight of the Order of the Green Hand
107	Savior of the City (of Kings Landing)
108	Horn-blower and Breaker of Ice
109	Captain of Swiftfin
110	Lord of Coldwater Burn
111	Priest of the Drowned God
112	Master-at-arms at Evenfall Hall
113	Slave of R'hllor
114	Prince of Summerhall
115	Lord of Blackhaven
116	Acting Hand of the King (former)
117	Defender of the Citadel
118	Lord of Strongsong
119	Castellan of Casterly Rock
120	The Knight of New Barrel
121	King's Justice
122	Master of coin (former)
123	Lord of Pebbleton
124	Lord of Maidenpool
125	Knight of Harvest Hall
126	Lady of Hornwood
127	Lord Commander of the Night's Watch
128	Lord of Goldgrass
129	Brother
130	Lady of the Leaves
131	Lord Admiral
132	Lord Steward of the Iron Islands
133	Lady of Goldengrove
134	Lady of the Eyrie
135	Green Grace
136	Lord of Karhold
137	Lady of Blackmont
138	Undergaoler (as Rugen)
139	Castellan of Brightwater Keep
140	Lord treasurer
141	Lord of Cerwyn
142	Light of the West
143	Lord of the Rain House
144	Lord of Hammerhorn
145	Lord of Sharp Point
146	Castellan of the Crag
147	Prince of Winterfell
148	Lady of Starpike
149	Lord of Dragonstone
150	Lord of Sweetport Sound
151	Lord of Stone Hedge
152	Lord of Atranta
153	Shield of the Faith
154	Knight of Spottswood
155	Hand of the Queen
156	King of Astapor
157	Lord Marshal of the Mander
158	Captain of the Wind Witch
159	Lord of the Marches (claimant)
160	Lady of Standfast
161	Lady of Runestone
162	Lord of Hornvale
163	Lord of Coldmoat
164	Lord Paramount of the Mander
165	Lord of Longbow Hall
166	Lady of Casterly Rock
167	Lord of Runestone
168	Lord of Broad Arch
169	Lord Harlaw of Harlaw
170	Captain of the guards at Riverrun
171	Proctor
172	Captain of the Nightflyer
173	Lord of Skyreach
174	Lord of the Three Towers
175	Lord of the Crossing
176	Master of coin
177	Captain of the Thunderer
178	Lord of the Last Hearth
179	Lord of the Marches
180	Knight of Cornfield
181	Master of horse at Winterfell
182	High Septon
183	Lady of Winterfell
184	Queen Regent
185	Ko
186	Warden of the Prince's Pass
187	Steward of Ten Towers
188	Lord Seneschal
189	Captain of the Lady Marya
190	Lady of Highgarden
191	acting First Ranger
192	Lord Regent
193	King of the Andals
194	Oarmaster
195	Prince of Dragonstone
196	High Steward of the Vale
197	Bloodrider
198	Goodman
199	Lady of Blackcrown
200	Master of the Iron Victory
201	Lord Liddle
202	First Steward
203	Lord of Shatterstone
204	Lord Treasurer
205	the Knight of Gull Tower
206	Lord of Wyndhall
207	Lord of Harrenhal
208	red hand
209	First Ranger
210	Lord of Longtable
211	Lady of Coldmoat
212	Lady of Haystack Hall
213	The Knight of Greenfield
214	Lord of the Crag
215	Master of Harlaw Hall
216	Commander of the City Watch of King's Landing
217	Lord of Gulltown
218	Warden of the Stoneway
219	Protector of the Realm
220	Lord of Salt Shore
221	Captain of the guards
222	Lord of Felwood
223	Lord of the Golden Tooth
224	the Knight of Saltpans
225	Elder Brother
226	Goodwife
227	Godswife
228	Lord of Longsister
229	Lord of the Tor
230	Wisdom
231	Magnar of Thenn
232	The Harlaw of Harlaw
233	Grand Maester
234	Lord of Blacktyde
235	Good Master
236	Lady Regent
237	Lord of the Iron Islands (by law of the green lands)
238	Lady of Darry
239	Seneschal
240	Lord of Casterly Rock
241	The Norrey
242	Master of ships
243	Hand of the King
244	Keeper of the Gates of the Moon
245	Lady of Deepwood Motte
246	Lord of the Arbor
247	Master of whisperers
248	Voice of the Seven on Earth
249	First Sword to the Sealord of Braavos, Water Dancer
250	Admiral of the Narrow Sea
251	Ser
252	Commander of Eastwatch-by-the-Sea
253	Captain of Cobblecat
254	Maegi
255	Lord of Bear Island (stripped)
256	Warden of the Southern Marches
257	The Wull
258	Warden of the East
259	Khaleesi of the Great Grass Sea
260	Master of ships (formerly)
261	Lord Commander of the City Watch of Oldtown
262	First Builder
263	Captain of the guard
264	Warden of the South
265	Bloodrider of Khal Jhaqo
266	Lord of Riverrun
267	Magister of Pentos
268	Lord of Darry
269	Lord of Duskendale
270	Lord of the Iron Islands
271	Khalakka
272	King
273	Master of Harridan Hill
274	Hand of the Queen (self-styled)
275	Protector of the Realm (claimant)
276	Queen of the Seven Kingdoms
277	Master of Grey Garden
278	Castellan of Torrhen's Square
279	King of Winter
280	Lord of Bitterbridge
281	Lord of the Lonely Light
282	Mistress of whisperers
283	The Liddle
284	Hand of the King (possibly)
285	King of the Iron Islands
286	Castellan of Pyke
287	Knight of Griffin's Roost
288	Lord of Redfort
289	Master-at-arms of Runestone
290	Lord of Nightsong
291	Lord of the Dyre Den
292	Lady of Harrenhal
293	Lord of Bear Island (formerly)
294	Lord Paramount of the Trident
295	Castellan of the Dun Fort
296	Lord Captain of the Iron Fleet
297	Steward of Winterfell
298	Princess
299	Lord of Greywater Watch
300	Big Bucket
301	Lord High Captain
302	Lord of White Harbor
303	King of the Stepstones and the Narrow Sea
304	Prince of Dorne
305	Master of laws
306	Lord of Old Wyk
307	Speaker to Gods
308	Prince of the Red Flower Vale
309	Queen Dowager
310	Master of Breakwater Castle
311	Khal
312	Princess of Dragonstone
313	Castellan of Sunspear
314	Father of Hosts
315	Admiral
316	Captain of Sea Bitch
317	Knight and Master of Standfast
318	Lord of Sweetsister
319	Lord of Riverrun (lost to Emmon Frey)
320	Knight of the Gate (formerly)
321	Master of the Tower of Glimmering
322	Captain of Foamdrinker
323	Defender of the Dispossessed
324	Ko (formerly)
325	Lord Steward
326	Castellan of Dragonstone
327	Lord Reaper of Pyke
328	Lord of Heart's Home
329	Lord of the Three Sisters
330	Captain of the Golden Storm (formerly)
331	Lord of the Red Dunes
332	Heir to Winterfell
333	Lady of Godsgrace
334	Lord of Uplands
335	Warden of the East (formerly)
336	Lord of Kayce
337	Lady of Tarbeck Hall
338	Lady of Widow's Watch
339	The Knight of Lemonwood
340	Lord of Sealskin Point
341	Lord of Winterfell
342	Lady of Stokeworth
343	Lord of Griffin's Roost
344	the Knight of Griffin's Roost
345	Dowager Lady of Highgarden
346	Lord of Castle Lychester
347	Lord of the Tides
348	Master of Torrhen's Square
349	Steward of the Twins
350	King of the Andals and the Rhoynar and the First Men
351	Lord of Barrowton
352	First Sword of Braavos
353	Lord of the Seven Kingdoms (claimant)
354	Lord of the Snakewood
355	Warden of the Stone Way
356	Lord Protector of Stokeworth
357	Bloodrider of Daenerys Targaryen
358	High Marshal of the Reach
359	Prince of the Narrow Sea
360	Lord of Pinkmaiden
361	Lady of Barrowton
362	Prince Regent
363	Lord of Sunspear
364	Lord of Stonehelm
365	Lord of Brightwater Keep
366	Lord of Horn Hill
367	Sealord of Braavos
368	Lady of Golden Tooth
369	Lord of Greenshield
370	Lord of Acorn Hall
371	Lord of Volmark
372	Prince
373	Captain of the Black Wind
374	Lord of Brightwater
375	Justiciar
376	Tall-talker
377	Lord of Kingsgrave
378	Shield of Sisterton
379	Captain of the guards for Winterfell
380	Lord of Southshield
381	Master of Deepwood Motte
382	Lord of Karl's Hold
383	Lord of Starpike
384	Lord of the Rainwood
385	His High Holiness
386	Master of Whisperers
387	Grand Master
388	Lord of the Rills
389	Lord of Casterly Rock (claimant)
390	King-Beyond-the-Wall
391	Lady of Old Oak
392	Queen of the Andals and the Rhoynar and the First Men
393	King in the North
394	Lord of Greyshield
395	Castellan of Harrenhal
396	Lady of Riverrun
397	Captain-General
398	The Mead-king of Ruddy Hall
399	Master-at-arms of Winterfell
400	Captain
401	King of the Wildlings
402	Lord of Blackcrown
403	Lord Paramount of the Stormlands
404	Beacon of the South
405	Lady of Cerwyn
406	Lord of Sunflower Hall
407	Warden of the North
408	Master-at-arms at Casterly Rock
409	Lord Commander of the Kingsguard
410	Captain of the Guard at Sunspear
411	Cupbearer
412	Commander of the City Watch
413	Master of Driftmark
414	Lord of Rosby
415	Lady of Duskendale
416	Chief Undergaoler
417	Lady of Ironoaks
418	Lord of Littlesister
419	Lord of the Seven Kingdoms
420	Lord of the Hightower
421	Lord of the Ten Towers
422	Knight of Sow's Horn
423	Lady of Bear Island
424	Captain of the Wraith
425	Bloodrider of Khal Drogo
426	Lord of Starfall
427	Lord of Fair Isle
428	Master-at-Arms
429	Lord of Harlaw
430	Knight of High Hermitage
431	Lord of the Hornwood
432	Castellan of Grandview
433	Tradesman-Captain
434	Harlaw of Harlaw
435	Archmaester
436	Queen of the Iron Islands
437	Storm King (briefly)
438	Commander of the Second Sons
439	Castellan of Winterfell
440	Lady
441	Steward of Ashford
442	Defender of the Marches
443	Black Bride
444	Steward
445	Lord of the Sandship
446	Defender of the Fords
447	Maester
448	Lord of Whitewalls
449	Castellan of Last Hearth
450	Lord of Lordsport
451	Prince of Dragonstone (renounced)
452	Heir to Lordsport
453	Lord of Seagard
454	Lord of Nightsong (claimant)
\.


--
-- Name: titles_title_id_seq; Type: SEQUENCE SET; Schema: public; Owner: vagrant
--

SELECT pg_catalog.setval('titles_title_id_seq', 454, true);


--
-- Name: char_ep_pkey; Type: CONSTRAINT; Schema: public; Owner: vagrant
--

ALTER TABLE ONLY char_ep
    ADD CONSTRAINT char_ep_pkey PRIMARY KEY (charep_id);


--
-- Name: char_titles_pkey; Type: CONSTRAINT; Schema: public; Owner: vagrant
--

ALTER TABLE ONLY char_titles
    ADD CONSTRAINT char_titles_pkey PRIMARY KEY (chartitle_id);


--
-- Name: characters_char_name_key; Type: CONSTRAINT; Schema: public; Owner: vagrant
--

ALTER TABLE ONLY characters
    ADD CONSTRAINT characters_char_name_key UNIQUE (char_name);


--
-- Name: characters_pkey; Type: CONSTRAINT; Schema: public; Owner: vagrant
--

ALTER TABLE ONLY characters
    ADD CONSTRAINT characters_pkey PRIMARY KEY (char_id);


--
-- Name: episodes_pkey; Type: CONSTRAINT; Schema: public; Owner: vagrant
--

ALTER TABLE ONLY episodes
    ADD CONSTRAINT episodes_pkey PRIMARY KEY (ep_id);


--
-- Name: titles_pkey; Type: CONSTRAINT; Schema: public; Owner: vagrant
--

ALTER TABLE ONLY titles
    ADD CONSTRAINT titles_pkey PRIMARY KEY (title_id);


--
-- Name: char_ep_char_id_fkey; Type: FK CONSTRAINT; Schema: public; Owner: vagrant
--

ALTER TABLE ONLY char_ep
    ADD CONSTRAINT char_ep_char_id_fkey FOREIGN KEY (char_id) REFERENCES characters(char_id);


--
-- Name: char_ep_ep_id_fkey; Type: FK CONSTRAINT; Schema: public; Owner: vagrant
--

ALTER TABLE ONLY char_ep
    ADD CONSTRAINT char_ep_ep_id_fkey FOREIGN KEY (ep_id) REFERENCES episodes(ep_id);


--
-- Name: char_titles_char_id_fkey; Type: FK CONSTRAINT; Schema: public; Owner: vagrant
--

ALTER TABLE ONLY char_titles
    ADD CONSTRAINT char_titles_char_id_fkey FOREIGN KEY (char_id) REFERENCES characters(char_id);


--
-- Name: char_titles_title_id_fkey; Type: FK CONSTRAINT; Schema: public; Owner: vagrant
--

ALTER TABLE ONLY char_titles
    ADD CONSTRAINT char_titles_title_id_fkey FOREIGN KEY (title_id) REFERENCES titles(title_id);


--
-- Name: public; Type: ACL; Schema: -; Owner: postgres
--

REVOKE ALL ON SCHEMA public FROM PUBLIC;
REVOKE ALL ON SCHEMA public FROM postgres;
GRANT ALL ON SCHEMA public TO postgres;
GRANT ALL ON SCHEMA public TO PUBLIC;


--
-- PostgreSQL database dump complete
--

