--
-- PostgreSQL database dump
--

-- Dumped from database version 9.5.7
-- Dumped by pg_dump version 9.5.7

SET statement_timeout = 0;
SET lock_timeout = 0;
SET client_encoding = 'UTF8';
SET standard_conforming_strings = on;
SET check_function_bodies = false;
SET client_min_messages = warning;
SET row_security = off;

--
-- Name: plpgsql; Type: EXTENSION; Schema: -; Owner: 
--

CREATE EXTENSION IF NOT EXISTS plpgsql WITH SCHEMA pg_catalog;


--
-- Name: EXTENSION plpgsql; Type: COMMENT; Schema: -; Owner: 
--

COMMENT ON EXTENSION plpgsql IS 'PL/pgSQL procedural language';


SET search_path = public, pg_catalog;

SET default_tablespace = '';

SET default_with_oids = false;

--
-- Name: char_eps; Type: TABLE; Schema: public; Owner: vagrant
--

CREATE TABLE char_eps (
    charep_id integer NOT NULL,
    char_id integer,
    ep_id integer
);


ALTER TABLE char_eps OWNER TO vagrant;

--
-- Name: char_eps_charep_id_seq; Type: SEQUENCE; Schema: public; Owner: vagrant
--

CREATE SEQUENCE char_eps_charep_id_seq
    START WITH 1
    INCREMENT BY 1
    NO MINVALUE
    NO MAXVALUE
    CACHE 1;


ALTER TABLE char_eps_charep_id_seq OWNER TO vagrant;

--
-- Name: char_eps_charep_id_seq; Type: SEQUENCE OWNED BY; Schema: public; Owner: vagrant
--

ALTER SEQUENCE char_eps_charep_id_seq OWNED BY char_eps.charep_id;


--
-- Name: char_houses; Type: TABLE; Schema: public; Owner: vagrant
--

CREATE TABLE char_houses (
    charhouse_id integer NOT NULL,
    char_id integer,
    house_id integer
);


ALTER TABLE char_houses OWNER TO vagrant;

--
-- Name: char_houses_charhouse_id_seq; Type: SEQUENCE; Schema: public; Owner: vagrant
--

CREATE SEQUENCE char_houses_charhouse_id_seq
    START WITH 1
    INCREMENT BY 1
    NO MINVALUE
    NO MAXVALUE
    CACHE 1;


ALTER TABLE char_houses_charhouse_id_seq OWNER TO vagrant;

--
-- Name: char_houses_charhouse_id_seq; Type: SEQUENCE OWNED BY; Schema: public; Owner: vagrant
--

ALTER SEQUENCE char_houses_charhouse_id_seq OWNED BY char_houses.charhouse_id;


--
-- Name: char_titles; Type: TABLE; Schema: public; Owner: vagrant
--

CREATE TABLE char_titles (
    chartitle_id integer NOT NULL,
    char_id integer,
    title_id integer
);


ALTER TABLE char_titles OWNER TO vagrant;

--
-- Name: char_titles_chartitle_id_seq; Type: SEQUENCE; Schema: public; Owner: vagrant
--

CREATE SEQUENCE char_titles_chartitle_id_seq
    START WITH 1
    INCREMENT BY 1
    NO MINVALUE
    NO MAXVALUE
    CACHE 1;


ALTER TABLE char_titles_chartitle_id_seq OWNER TO vagrant;

--
-- Name: char_titles_chartitle_id_seq; Type: SEQUENCE OWNED BY; Schema: public; Owner: vagrant
--

ALTER SEQUENCE char_titles_chartitle_id_seq OWNED BY char_titles.chartitle_id;


--
-- Name: characters; Type: TABLE; Schema: public; Owner: vagrant
--

CREATE TABLE characters (
    char_id integer NOT NULL,
    char_name character varying(100) NOT NULL,
    char_male boolean,
    char_dead character varying(50)
);


ALTER TABLE characters OWNER TO vagrant;

--
-- Name: characters_char_id_seq; Type: SEQUENCE; Schema: public; Owner: vagrant
--

CREATE SEQUENCE characters_char_id_seq
    START WITH 1
    INCREMENT BY 1
    NO MINVALUE
    NO MAXVALUE
    CACHE 1;


ALTER TABLE characters_char_id_seq OWNER TO vagrant;

--
-- Name: characters_char_id_seq; Type: SEQUENCE OWNED BY; Schema: public; Owner: vagrant
--

ALTER SEQUENCE characters_char_id_seq OWNED BY characters.char_id;


--
-- Name: episodes; Type: TABLE; Schema: public; Owner: vagrant
--

CREATE TABLE episodes (
    ep_id integer NOT NULL,
    ep_season integer,
    ep_name character varying(100)
);


ALTER TABLE episodes OWNER TO vagrant;

--
-- Name: episodes_ep_id_seq; Type: SEQUENCE; Schema: public; Owner: vagrant
--

CREATE SEQUENCE episodes_ep_id_seq
    START WITH 1
    INCREMENT BY 1
    NO MINVALUE
    NO MAXVALUE
    CACHE 1;


ALTER TABLE episodes_ep_id_seq OWNER TO vagrant;

--
-- Name: episodes_ep_id_seq; Type: SEQUENCE OWNED BY; Schema: public; Owner: vagrant
--

ALTER SEQUENCE episodes_ep_id_seq OWNED BY episodes.ep_id;


--
-- Name: houses; Type: TABLE; Schema: public; Owner: vagrant
--

CREATE TABLE houses (
    house_id integer NOT NULL,
    house_name character varying(200)
);


ALTER TABLE houses OWNER TO vagrant;

--
-- Name: houses_house_id_seq; Type: SEQUENCE; Schema: public; Owner: vagrant
--

CREATE SEQUENCE houses_house_id_seq
    START WITH 1
    INCREMENT BY 1
    NO MINVALUE
    NO MAXVALUE
    CACHE 1;


ALTER TABLE houses_house_id_seq OWNER TO vagrant;

--
-- Name: houses_house_id_seq; Type: SEQUENCE OWNED BY; Schema: public; Owner: vagrant
--

ALTER SEQUENCE houses_house_id_seq OWNED BY houses.house_id;


--
-- Name: titles; Type: TABLE; Schema: public; Owner: vagrant
--

CREATE TABLE titles (
    title_id integer NOT NULL,
    title_name character varying(200)
);


ALTER TABLE titles OWNER TO vagrant;

--
-- Name: titles_title_id_seq; Type: SEQUENCE; Schema: public; Owner: vagrant
--

CREATE SEQUENCE titles_title_id_seq
    START WITH 1
    INCREMENT BY 1
    NO MINVALUE
    NO MAXVALUE
    CACHE 1;


ALTER TABLE titles_title_id_seq OWNER TO vagrant;

--
-- Name: titles_title_id_seq; Type: SEQUENCE OWNED BY; Schema: public; Owner: vagrant
--

ALTER SEQUENCE titles_title_id_seq OWNED BY titles.title_id;


--
-- Name: charep_id; Type: DEFAULT; Schema: public; Owner: vagrant
--

ALTER TABLE ONLY char_eps ALTER COLUMN charep_id SET DEFAULT nextval('char_eps_charep_id_seq'::regclass);


--
-- Name: charhouse_id; Type: DEFAULT; Schema: public; Owner: vagrant
--

ALTER TABLE ONLY char_houses ALTER COLUMN charhouse_id SET DEFAULT nextval('char_houses_charhouse_id_seq'::regclass);


--
-- Name: chartitle_id; Type: DEFAULT; Schema: public; Owner: vagrant
--

ALTER TABLE ONLY char_titles ALTER COLUMN chartitle_id SET DEFAULT nextval('char_titles_chartitle_id_seq'::regclass);


--
-- Name: char_id; Type: DEFAULT; Schema: public; Owner: vagrant
--

ALTER TABLE ONLY characters ALTER COLUMN char_id SET DEFAULT nextval('characters_char_id_seq'::regclass);


--
-- Name: ep_id; Type: DEFAULT; Schema: public; Owner: vagrant
--

ALTER TABLE ONLY episodes ALTER COLUMN ep_id SET DEFAULT nextval('episodes_ep_id_seq'::regclass);


--
-- Name: house_id; Type: DEFAULT; Schema: public; Owner: vagrant
--

ALTER TABLE ONLY houses ALTER COLUMN house_id SET DEFAULT nextval('houses_house_id_seq'::regclass);


--
-- Name: title_id; Type: DEFAULT; Schema: public; Owner: vagrant
--

ALTER TABLE ONLY titles ALTER COLUMN title_id SET DEFAULT nextval('titles_title_id_seq'::regclass);


--
-- Data for Name: char_eps; Type: TABLE DATA; Schema: public; Owner: vagrant
--

COPY char_eps (charep_id, char_id, ep_id) FROM stdin;
11859	1906	1
11860	316	1
11861	327	1
11862	850	1
11863	508	1
11864	1551	1
11865	937	1
11866	388	1
11867	925	1
11868	1405	1
11869	150	1
11870	1648	1
11871	264	1
11872	1547	1
11873	902	1
11874	1854	1
11875	875	1
11876	63	1
11877	939	1
11878	183	1
11879	1565	1
11880	216	1
11881	2016	1
11882	1508	1
11883	28	1
11884	1746	1
11885	678	1
11886	836	1
11888	1474	1
11889	998	1
11890	508	2
11891	1551	2
11892	850	2
11893	316	2
11894	327	2
11895	388	2
11896	937	2
11897	1405	2
11898	1906	2
11899	925	2
11900	150	2
11901	1648	2
11902	1547	2
11903	1782	2
11904	264	2
11905	902	2
11906	1647	2
11907	272	2
11908	1854	2
11909	63	2
11910	939	2
11911	1565	2
11912	2016	2
11913	183	2
11914	852	2
11915	1508	2
11916	1146	2
11917	1644	2
11918	678	2
11920	685	2
11921	836	2
11922	473	2
11923	635	2
11924	796	2
11926	1812	2
11927	1288	2
11928	998	2
11929	216	3
11930	889	3
11931	1275	3
11932	1223	3
11933	508	3
11934	1551	3
11935	850	3
11936	316	3
11937	388	3
11938	327	3
11939	937	3
11940	1906	3
11941	925	3
11942	1648	3
11943	150	3
11944	1547	3
11945	1782	3
11946	264	3
11947	902	3
11948	1647	3
11949	1854	3
11950	939	3
11951	473	3
11952	1441	3
11953	1565	3
11954	836	3
11955	832	3
11956	1812	3
11957	1288	3
11958	1906	4
11959	1724	4
11960	508	4
11961	1551	4
11962	316	4
11963	327	4
11964	388	4
11965	937	4
11966	1405	4
11967	1547	4
11968	1648	4
11969	150	4
11970	1782	4
11971	264	4
11972	902	4
11973	1854	4
11974	272	4
11975	1565	4
11976	183	4
11977	1054	4
11978	1111	4
11979	1508	4
11980	1146	4
11981	1746	4
11983	1353	4
11984	836	4
11985	1474	4
11986	473	4
11987	796	4
11989	1886	4
11990	1441	4
11991	998	4
11992	939	5
11993	833	5
11995	1886	5
11996	508	5
11997	1551	5
11998	850	5
11999	316	5
12000	327	5
12001	1405	5
12002	1648	5
12003	1782	5
12004	150	5
12005	264	5
12006	902	5
12007	1647	5
12008	1854	5
12009	1565	5
12010	272	5
12011	183	5
12012	2016	5
12013	1111	5
12014	1508	5
12015	1146	5
12016	1054	5
12017	685	5
12019	998	5
12020	1812	5
12021	1288	5
12023	851	6
12025	508	6
12026	1551	6
12027	850	6
12028	327	6
12029	388	6
12030	937	6
12031	1405	6
12032	925	6
12033	1782	6
12034	902	6
12035	1647	6
12036	875	6
12037	63	6
12038	1865	6
12039	183	6
12040	1644	6
12041	28	6
12042	1508	6
12043	852	6
12044	1353	6
12046	678	6
12048	836	6
12049	473	6
12050	1474	6
12051	1441	6
12052	1364	6
12053	508	7
12054	1746	7
12055	1669	7
12056	1226	7
12057	1474	7
12058	1441	7
12059	1124	7
12060	316	7
12061	327	7
12062	388	7
12063	937	7
12064	1405	7
12065	925	7
12066	1547	7
12067	1648	7
12068	150	7
12069	1782	7
12070	264	7
12071	902	7
12072	1647	7
12073	1854	7
12074	272	7
12075	875	7
12076	63	7
12077	1565	7
12078	1865	7
12079	183	7
12080	1644	7
12081	1111	7
12082	852	7
12083	1353	7
12084	678	7
12086	836	7
12087	473	7
12088	796	7
12089	974	7
12090	1540	7
12091	1222	7
12092	1364	7
12093	1790	7
12094	1474	8
12096	1854	8
12097	327	8
12098	850	8
12099	316	8
12100	388	8
12101	1405	8
12102	427	8
12103	937	8
12104	925	8
12105	264	8
12106	1547	8
12107	1648	8
12108	150	8
12109	1782	8
12110	1644	8
12111	902	8
12112	1647	8
12113	1719	8
12114	1206	8
12115	875	8
12116	272	8
12117	1668	8
12118	1565	8
12119	361	8
12120	1353	8
12121	678	8
12122	500	8
12123	635	8
12124	803	8
12125	1041	8
12126	473	8
12127	836	8
12128	796	8
12130	852	8
12131	1180	8
12132	470	8
12133	647	8
12134	1222	8
12135	1288	8
12136	1812	8
12138	1790	8
12139	1146	9
12140	927	9
12141	316	9
12142	850	9
12143	327	9
12144	388	9
12145	937	9
12146	1405	9
12147	925	9
12148	1547	9
12149	1648	9
12150	150	9
12151	1782	9
12152	264	9
12153	902	9
12154	1647	9
12155	1854	9
12156	875	9
12157	1565	9
12158	1865	9
12159	2016	9
12160	1644	9
12161	1668	9
12162	1353	9
12164	832	9
12165	678	9
12167	1226	9
12168	836	9
12169	1474	9
12170	796	9
12171	974	9
12172	998	9
12173	635	9
12174	1041	9
12175	1540	9
12176	803	9
12177	1222	9
12178	508	10
12179	1669	10
12180	1226	10
12181	1474	10
12182	1441	10
12183	1732	10
12184	1016	10
12185	316	10
12186	850	10
12187	327	10
12188	388	10
12189	937	10
12190	1405	10
12191	925	10
12192	1547	10
12193	1648	10
12194	150	10
12195	1782	10
12196	902	10
12197	1647	10
12198	1854	10
12199	272	10
12200	875	10
12201	1565	10
12202	2016	10
12203	1865	10
12204	1644	10
12205	28	10
12206	1668	10
12207	1938	10
12208	832	10
12209	678	10
12211	836	10
12212	473	10
12213	974	10
12214	852	10
12215	1790	10
12216	947	10
12217	1854	11
12218	327	11
12219	388	11
12220	1405	11
12221	937	11
12222	925	11
12223	427	11
12224	1782	11
12225	150	11
12226	1719	11
12227	1206	11
12228	272	11
12229	1644	11
12230	1668	11
12231	361	11
12232	169	11
12233	2016	11
12234	848	11
12235	678	11
12236	500	11
12237	635	11
12238	852	11
12239	473	11
12240	836	11
12241	803	11
12242	1041	11
12244	1601	11
12245	1180	11
12246	1636	11
12247	647	11
12248	238	11
12249	1409	11
12251	316	12
12252	2016	12
12253	1041	12
12254	1790	12
12256	1854	12
12257	327	12
12258	1405	12
12259	925	12
12260	1782	12
12261	264	12
12262	1648	12
12263	150	12
12264	1644	12
12266	875	12
12267	272	12
12268	1668	12
12269	361	12
12270	169	12
12271	1508	12
12272	635	12
12273	848	12
12274	1054	12
12275	277	12
12276	803	12
12277	647	12
12278	796	12
12279	99	12
12280	1413	12
12281	1601	12
12282	238	12
12283	1288	12
12284	1812	12
12285	316	13
12286	1854	13
12287	388	13
12288	1405	13
12289	937	13
12290	1865	13
12291	427	13
12292	902	13
12293	1547	13
12294	1648	13
12295	150	13
12296	1719	13
12297	1206	13
12299	272	13
12300	1647	13
12301	1508	13
12302	2006	13
12304	635	13
12305	998	13
12306	277	13
12308	473	13
12309	836	13
12310	803	13
12311	1054	13
12313	685	13
12314	1222	13
12315	470	13
12316	1413	13
12317	99	13
12318	1508	14
12319	1854	14
12320	327	14
12321	388	14
12322	316	14
12323	1405	14
12324	937	14
12325	925	14
12326	427	14
12327	1865	14
12328	1644	14
12329	1782	14
12330	264	14
12331	150	14
12333	875	14
12334	1719	14
12335	272	14
12336	726	14
12337	277	14
12338	1565	14
12340	848	14
12341	635	14
12342	998	14
12343	1440	14
12344	678	14
12345	1054	14
12346	500	14
12347	473	14
12348	836	14
12349	2006	14
12350	796	14
12351	803	14
12352	1051	14
12353	99	14
12354	1443	14
12355	1540	14
12356	1288	14
12357	1565	15
12358	99	15
12359	836	15
12360	575	15
12363	1446	15
12364	1854	15
12365	327	15
12366	316	15
12367	388	15
12368	1405	15
12369	925	15
12370	1865	15
12371	264	15
12372	1547	15
12373	1648	15
12374	150	15
12375	1782	15
12376	902	15
12377	1668	15
12378	1647	15
12379	1353	15
12381	2006	15
12382	848	15
12383	2011	15
12384	277	15
12385	1440	15
12386	1222	15
12387	1051	15
12388	796	15
12389	1288	15
12390	1540	15
12391	1812	15
12392	1443	16
12394	1854	16
12395	316	16
12396	388	16
12397	327	16
12398	850	16
12399	937	16
12400	925	16
12401	1865	16
12402	264	16
12403	1547	16
12404	1648	16
12405	150	16
12406	1782	16
12407	1668	16
12408	1647	16
12410	2006	16
12411	1353	16
12413	2011	16
12414	277	16
12415	1533	16
12416	1051	16
12417	796	16
12418	685	16
12419	1540	16
12420	575	16
12423	1446	16
12424	1854	17
12425	327	17
12426	850	17
12427	316	17
12428	388	17
12429	937	17
12430	925	17
12431	1865	17
12432	427	17
12433	902	17
12434	264	17
12435	1547	17
12436	150	17
12437	1782	17
12438	1644	17
12439	1719	17
12440	1668	17
12441	272	17
12442	1353	17
12444	848	17
12445	2011	17
12446	1440	17
12447	635	17
12448	277	17
12449	974	17
12450	1533	17
12451	678	17
12452	500	17
12453	803	17
12455	1601	17
12457	796	17
12458	238	17
12459	1409	17
12460	1540	17
12461	685	17
12462	1180	17
12463	726	18
12464	1180	18
12465	832	18
12466	1135	18
12467	1854	18
12468	327	18
12469	1865	18
12470	427	18
12471	902	18
12472	1648	18
12473	1647	18
12474	1719	18
12475	272	18
12476	1668	18
12477	998	18
12478	1054	18
12479	470	18
12480	1812	18
12481	1409	18
12482	1854	19
12483	327	19
12484	388	19
12485	925	19
12486	1547	19
12487	937	19
12488	316	19
12489	1405	19
12490	1865	19
12491	427	19
12492	1719	19
12493	1206	19
12495	1644	19
12496	902	19
12497	1648	19
12498	1668	19
12499	2011	19
12500	272	19
12501	875	19
12502	1134	19
12504	183	19
12505	1054	19
12507	1533	19
12508	1636	19
12509	678	19
12510	500	19
12511	1409	19
12512	976	19
12513	1231	19
12514	361	19
12516	1222	19
12519	1440	20
12520	2006	20
12521	473	20
12523	1051	20
12524	1513	20
12525	1854	20
12526	327	20
12527	850	20
12528	316	20
12529	388	20
12530	1405	20
12531	937	20
12532	925	20
12533	1865	20
12534	264	20
12535	1547	20
12536	1648	20
12537	150	20
12538	1782	20
12539	1644	20
12540	902	20
12542	1719	20
12543	1206	20
12544	1668	20
12545	1353	20
12546	848	20
12547	277	20
12548	2011	20
12549	635	20
12550	1054	20
12552	678	20
12553	500	20
12554	803	20
12555	1540	20
12556	796	20
12557	1409	20
12558	1854	21
12559	850	21
12560	327	21
12561	925	21
12562	1547	21
12563	316	21
12565	264	21
12566	902	21
12567	1648	21
12568	150	21
12569	1782	21
12570	635	21
12571	2011	21
12572	1644	21
12573	875	21
12574	1668	21
12575	1647	21
12576	1134	21
12578	1781	21
12579	277	21
12581	1353	21
12583	1484	21
12584	1054	21
12585	1187	21
12586	803	21
12587	1533	21
12589	678	21
12590	500	21
12591	361	21
12592	796	21
12593	1540	21
12597	806	22
12598	1854	22
12599	850	22
12600	327	22
12601	925	22
12602	388	22
12603	1547	22
12604	937	22
12605	316	22
12606	1405	22
12607	1719	22
12608	1865	22
12609	1206	22
12610	1782	22
12611	1644	22
12612	150	22
12613	635	22
12614	2011	22
12615	875	22
12616	272	22
12617	1647	22
12618	1134	22
12619	361	22
12620	183	22
12621	277	22
12623	507	22
12624	288	22
12625	1781	22
12627	1484	22
12628	678	22
12629	500	22
12630	361	22
12631	647	22
12632	803	22
12634	1409	22
12636	976	22
12637	1231	22
12641	875	23
12642	976	23
12644	1854	23
12645	850	23
12646	327	23
12647	388	23
12648	937	23
12649	316	23
12651	1782	23
12652	1865	23
12653	264	23
12654	1648	23
12655	150	23
12656	635	23
12657	1644	23
12658	902	23
12659	1647	23
12660	361	23
12661	183	23
12662	1781	23
12663	277	23
12664	221	23
12666	1484	23
12667	647	23
12668	500	23
12669	678	23
12670	1231	23
12672	1533	24
12675	1854	24
12676	850	24
12677	327	24
12678	388	24
12679	925	24
12680	1547	24
12681	937	24
12682	316	24
12683	1405	24
12684	1865	24
12685	1719	24
12686	427	24
12688	150	24
12689	1648	24
12690	635	24
12691	2011	24
12692	1647	24
12693	277	24
12694	183	24
12696	1781	24
12697	221	24
12699	288	24
12700	507	24
12702	1054	24
12703	1683	24
12704	1231	24
12705	680	24
12707	1409	24
12708	1331	24
12710	1854	25
12711	327	25
12712	850	25
12713	925	25
12714	1547	25
12715	316	25
12716	1405	25
12717	1865	25
12718	1206	25
12719	1782	25
12720	264	25
12721	1648	25
12722	150	25
12723	1644	25
12724	635	25
12725	902	25
12726	2011	25
12727	1668	25
12728	277	25
12730	1781	25
12731	221	25
12733	1353	25
12734	288	25
12735	507	25
12736	1484	25
12737	647	25
12738	1054	25
12739	1187	25
12741	796	25
12742	1062	25
12743	1540	25
12744	1865	26
12745	635	26
12746	1668	26
12747	2011	26
12748	1647	26
12749	221	26
12750	1781	26
12753	1854	26
12754	850	26
12755	388	26
12756	925	26
12757	1547	26
12758	937	26
12759	316	26
12761	1206	26
12762	264	26
12763	1648	26
12764	150	26
12765	1782	26
12766	902	26
12767	272	26
12769	277	26
12771	1353	26
12773	288	26
12774	507	26
12775	183	26
12776	1484	26
12777	1187	26
12778	1231	26
12779	680	26
12780	796	26
12782	1540	26
12783	316	27
12785	1062	27
12786	1608	27
12787	947	27
12788	388	27
12789	925	27
12790	1547	27
12791	937	27
12792	1644	27
12793	264	27
12794	150	27
12795	2011	27
12796	1647	27
12797	1938	27
12798	183	27
12799	288	27
12801	507	27
12802	1353	27
12803	1187	27
12804	647	27
12805	372	27
12806	680	27
12807	1231	27
12808	796	27
12809	1540	27
12811	1417	28
12812	1854	28
12813	327	28
12814	388	28
12815	1865	28
12816	937	28
12817	1719	28
12818	427	28
12819	1206	28
12821	902	28
12822	1648	28
12823	150	28
12824	1644	28
12825	635	28
12826	1668	28
12827	1647	28
12828	272	28
12829	183	28
12830	647	28
12831	1054	28
12832	372	28
12833	680	28
12834	1231	28
12835	1409	28
12836	1222	28
12837	1865	29
12838	2011	29
12839	635	29
12840	1647	29
12841	1668	29
12842	28	29
12844	1683	29
12845	1854	29
12846	850	29
12847	327	29
12848	388	29
12849	925	29
12850	937	29
12851	427	29
12852	1719	29
12853	1206	29
12854	264	29
12855	1648	29
12856	150	29
12857	1782	29
12858	902	29
12859	1644	29
12860	1938	29
12861	169	29
12863	277	29
12864	183	29
12865	1484	29
12866	647	29
12867	1187	29
12868	1409	29
12869	372	29
12870	796	29
12871	1231	29
12872	680	29
12873	1413	30
12874	1854	30
12875	850	30
12876	327	30
12877	388	30
12878	925	30
12879	902	30
12880	1648	30
12882	1865	30
12883	150	30
12884	1644	30
12885	2011	30
12886	1647	30
12887	277	30
12888	272	30
12889	937	30
12890	1668	30
12891	1327	30
12892	526	30
12893	372	30
12894	183	30
12895	28	30
12896	63	30
12897	680	30
12898	1728	30
12899	1231	30
12900	852	30
12901	1409	30
12902	1222	30
12903	470	30
12904	1331	30
12905	1364	30
12907	1123	30
12908	1123	30
12910	153	31
12911	1854	31
12912	850	31
12913	327	31
12914	1865	31
12916	427	31
12917	1719	31
12918	1206	31
12919	1782	31
12920	902	31
12921	264	31
12922	1648	31
12923	277	31
12924	1668	31
12925	1484	31
12926	272	31
12927	1327	31
12928	526	31
12931	1116	31
12932	1054	31
12933	1187	31
12934	796	31
12935	1812	31
12936	1409	31
12937	1222	31
12938	470	31
12939	1683	31
12941	852	32
12942	678	32
12944	1854	32
12945	850	32
12946	327	32
12947	388	32
12948	925	32
12949	1405	32
12951	1644	32
12952	264	32
12953	1648	32
12954	277	32
12955	272	32
12956	937	32
12957	372	32
12958	183	32
12959	63	32
12961	1231	32
12962	680	32
12963	1187	32
12964	796	32
12965	500	32
12966	361	32
12967	1812	32
12968	1409	32
12970	1865	33
12971	1647	33
12972	2011	33
12973	1327	33
12974	28	33
12975	1728	33
12976	852	33
12977	678	33
12978	470	33
12980	1683	33
12981	1375	33
12982	1854	33
12983	850	33
12984	327	33
12985	388	33
12986	925	33
12987	1405	33
12989	427	33
12990	1719	33
12991	902	33
12992	1648	33
12993	150	33
12994	1644	33
12995	647	33
12996	937	33
12997	526	33
12998	372	33
12999	63	33
13000	680	33
13001	1409	33
13002	500	33
13003	1812	33
13004	1231	33
13005	1331	33
13006	1222	33
13007	791	33
13009	1364	33
13011	1123	33
13012	183	33
13014	361	34
13015	850	34
13016	327	34
13017	388	34
13018	925	34
13019	1405	34
13020	1865	34
13022	264	34
13023	1648	34
13024	150	34
13025	1647	34
13026	277	34
13027	937	34
13028	1327	34
13029	372	34
13030	1111	34
13031	183	34
13032	1116	34
13033	1187	34
13034	1231	34
13035	680	34
13036	1812	34
13037	1409	34
13038	1054	34
13039	796	34
13040	678	34
13041	500	34
13042	468	34
13044	1636	35
13045	1854	35
13046	850	35
13047	327	35
13048	388	35
13049	1865	35
13051	427	35
13052	1719	35
13053	1782	35
13054	1484	35
13055	1668	35
13056	937	35
13057	1327	35
13058	183	35
13059	1840	35
13060	1116	35
13061	1231	35
13062	680	35
13063	1054	35
13064	1812	35
13065	1222	35
13066	791	35
13068	1484	36
13069	116	36
13070	1473	36
13071	468	36
13074	1266	36
13075	1854	36
13076	327	36
13077	850	36
13078	388	36
13079	1405	36
13080	925	36
13081	1865	36
13082	1644	36
13083	1782	36
13084	1648	36
13085	150	36
13086	2011	36
13087	647	36
13088	1647	36
13089	937	36
13090	1327	36
13091	526	36
13093	183	36
13094	1116	36
13095	1728	36
13096	680	36
13097	1231	36
13098	678	36
13099	500	36
13102	685	36
13103	2011	37
13104	28	37
13105	852	37
13106	678	37
13107	1728	37
13111	925	37
13112	1644	37
13113	647	37
13114	63	37
13115	500	37
13117	1647	38
13118	1327	38
13119	1111	38
13120	852	38
13121	678	38
13123	1601	38
13124	803	38
13125	238	38
13126	1854	38
13127	850	38
13128	327	38
13129	388	38
13130	925	38
13131	1405	38
13132	1206	38
13133	1644	38
13134	1648	38
13135	150	38
13136	277	38
13137	272	38
13138	937	38
13139	372	38
13140	63	38
13141	500	38
13142	1409	38
13144	685	38
13145	1364	38
13146	1865	39
13147	1125	39
13148	852	39
13150	1683	39
13151	1193	39
13152	1854	39
13153	850	39
13154	327	39
13155	388	39
13156	925	39
13157	1405	39
13159	1719	39
13160	427	39
13161	1206	39
13162	1644	39
13163	1648	39
13164	647	39
13165	277	39
13166	372	39
13167	1231	39
13168	1812	39
13169	1134	39
13170	63	39
13171	183	39
13172	1116	39
13173	680	39
13174	1054	39
13175	1409	39
13176	791	39
13177	500	39
13178	998	39
13179	1331	39
13180	1222	39
13181	974	39
13183	253	39
13184	1865	40
13185	1647	40
13186	2011	40
13187	1668	40
13188	28	40
13189	852	40
13190	678	40
13192	1683	40
13196	1854	40
13197	850	40
13198	327	40
13199	388	40
13200	925	40
13201	427	40
13202	1719	40
13203	1206	40
13204	1644	40
13205	264	40
13206	277	40
13207	183	40
13208	150	40
13209	1134	40
13210	1187	40
13211	796	40
13212	680	40
13213	1231	40
13214	500	40
13215	1409	40
13217	685	40
13218	852	41
13219	1854	41
13220	327	41
13221	925	41
13222	1405	41
13224	1719	41
13225	427	41
13226	1782	41
13227	1648	41
13228	150	41
13229	1644	41
13230	277	41
13231	1812	41
13232	848	41
13234	937	41
13235	788	41
13236	63	41
13237	1116	41
13238	500	41
13239	1409	41
13240	1222	41
13241	998	41
13243	1331	41
13244	1054	41
13246	1364	41
13247	253	41
13249	28	42
13250	852	42
13251	1683	42
13252	1044	42
13254	1854	42
13255	850	42
13256	327	42
13257	388	42
13258	925	42
13259	1405	42
13260	1719	42
13261	427	42
13262	526	42
13263	150	42
13264	1648	42
13265	272	42
13266	1644	42
13267	647	42
13268	277	42
13269	1231	42
13270	372	42
13271	848	42
13272	183	42
13273	63	42
13274	479	42
13275	680	42
13276	500	42
13277	1409	42
13278	1116	42
13279	791	42
13280	974	42
13281	1222	42
13283	1288	42
13284	1834	42
13285	1364	42
13286	253	42
13287	1123	43
13288	1123	43
13289	1123	43
13290	1123	43
13291	1123	43
13292	1854	43
13293	850	43
13294	327	43
13295	388	43
13296	925	43
13297	1405	43
13299	1719	43
13300	1206	43
13301	526	43
13302	1644	43
13303	1648	43
13304	272	43
13305	372	43
13306	1231	43
13307	1812	43
13308	937	43
13309	788	43
13310	183	43
13311	1116	43
13312	680	43
13313	1222	43
13314	791	43
13315	998	43
13316	500	43
13317	1320	43
13318	1843	43
13319	1318	43
13320	1683	43
13322	1054	43
13323	1331	43
13325	1331	44
13327	1854	44
13328	850	44
13329	327	44
13330	1405	44
13332	526	44
13333	150	44
13334	1648	44
13335	272	44
13336	1782	44
13338	848	44
13339	1812	44
13340	937	44
13341	788	44
13342	479	44
13343	1320	44
13344	1843	44
13345	1318	44
13346	1054	44
13347	998	44
13348	1834	44
13349	1288	44
13351	183	45
13353	1854	45
13354	388	45
13355	925	45
13356	1719	45
13357	427	45
13358	1206	45
13359	1782	45
13360	1644	45
13361	1648	45
13362	647	45
13363	372	45
13364	1231	45
13365	277	45
13367	937	45
13368	28	45
13369	63	45
13370	680	45
13371	791	45
13372	500	45
13373	1409	45
13375	1683	45
13377	1364	45
13378	253	45
13379	28	46
13380	1854	46
13381	850	46
13382	327	46
13383	388	46
13384	925	46
13385	1405	46
13387	1719	46
13388	427	46
13389	1206	46
13390	1644	46
13391	1812	46
13392	647	46
13393	1782	46
13394	1648	46
13395	277	46
13396	272	46
13397	372	46
13398	937	46
13399	788	46
13400	63	46
13401	500	46
13402	1320	46
13403	1843	46
13404	1318	46
13405	1409	46
13406	791	46
13407	1288	46
13409	998	46
13410	1364	46
13411	253	46
13412	1854	47
13413	327	47
13414	388	47
13415	925	47
13416	1648	47
13417	150	47
13418	1644	47
13419	647	47
13420	1782	47
13421	1231	47
13422	848	47
13424	937	47
13425	500	47
13427	1840	48
13428	1683	48
13432	1854	48
13433	850	48
13434	388	48
13435	925	48
13436	1719	48
13437	427	48
13438	1206	48
13439	526	48
13440	150	48
13441	272	48
13442	1644	48
13443	848	48
13444	372	48
13445	1231	48
13446	937	48
13447	63	48
13448	479	48
13449	791	48
13450	1222	48
13451	1116	48
13452	500	48
13453	1320	48
13454	1843	48
13455	1318	48
13456	1288	48
13457	1834	48
13459	1364	48
13460	253	48
13461	1222	49
13463	1288	49
13464	253	49
13465	1854	49
13466	850	49
13467	327	49
13468	388	49
13469	925	49
13470	1719	49
13471	427	49
13472	1206	49
13473	526	49
13474	150	49
13475	1648	49
13476	1644	49
13477	647	49
13478	272	49
13479	1231	49
13480	1782	49
13481	372	49
13482	277	49
13483	848	49
13484	937	49
13485	788	49
13486	63	49
13487	479	49
13488	680	49
13489	1409	49
13490	1320	49
13491	1843	49
13492	1318	49
13494	974	49
13495	1834	49
13496	685	49
13497	1364	49
13498	1782	50
13499	680	50
13500	1116	50
13501	1751	50
13502	685	50
13503	1938	50
13504	1644	50
13505	1320	50
13506	277	50
13507	388	50
13508	850	50
13509	500	50
13510	427	50
13511	1854	50
13513	1231	50
13514	1481	50
13515	272	50
13516	1364	50
13517	974	50
13519	1405	50
13520	937	50
13521	925	50
13522	327	50
13523	1318	50
13524	372	50
13525	1054	50
13526	1187	50
13527	1843	50
13529	507	50
13530	647	50
13531	796	50
13533	115	50
13534	1540	50
13535	1409	50
13536	788	50
13537	288	50
13538	1834	50
13539	479	50
13540	998	50
13541	1200	50
13542	455	50
13543	63	50
13544	1353	50
13545	1648	50
13546	1206	50
13547	526	50
13548	150	50
13549	848	50
13550	264	50
13551	571	50
13552	1812	50
\.


--
-- Name: char_eps_charep_id_seq; Type: SEQUENCE SET; Schema: public; Owner: vagrant
--

SELECT pg_catalog.setval('char_eps_charep_id_seq', 13552, true);


--
-- Data for Name: char_houses; Type: TABLE DATA; Schema: public; Owner: vagrant
--

COPY char_houses (charhouse_id, char_id, house_id) FROM stdin;
2059	28	155
2094	63	239
2112	81	94
2130	99	322
2146	115	352
2147	116	248
2168	137	68
2178	147	3
2181	150	146
2184	153	271
2200	169	3
2205	174	4
2214	183	152
2247	216	146
2252	221	361
2269	238	291
2284	253	155
2295	264	146
2303	272	296
2308	277	34
2319	288	301
2347	316	301
2352	321	340
2358	327	91
2373	342	250
2392	361	361
2399	368	361
2403	372	214
2414	383	262
2419	388	312
2424	393	3
2458	427	293
2469	438	77
2486	455	128
2499	468	248
2501	470	320
2504	473	312
2507	476	352
2510	479	150
2514	483	361
2531	500	65
2538	507	301
2539	508	146
2557	526	138
2602	571	3
2606	575	146
2678	647	361
2709	678	155
2711	680	137
2716	685	90
2747	716	361
2757	726	139
2666	635	13
2787	756	94
2819	788	326
2822	791	129
2827	796	146
2834	803	361
2837	806	301
2841	810	24
2863	832	5
2864	833	312
2866	835	271
2867	836	312
2879	848	325
2881	850	91
2882	851	155
2883	852	155
2906	875	117
2920	889	312
2921	890	312
2931	900	24
2943	912	71
2950	919	26
2951	920	26
2956	925	146
2958	927	84
2968	937	117
2970	939	42
2978	947	311
3005	974	91
3007	976	205
3047	1016	209
3072	1041	361
3075	1044	296
3082	1051	361
3085	1054	164
3093	1062	198
3114	1083	117
3124	1093	146
3142	1111	301
3145	1114	117
3147	1116	164
3153	1122	361
3154	1123	361
3155	1124	361
3156	1125	361
3165	1134	361
3166	1135	208
3177	1146	361
3211	1180	293
3218	1187	24
3224	1193	171
3231	1200	271
3237	1206	122
3246	1215	12
3253	1222	241
3254	1223	146
3257	1226	361
3258	1227	326
3262	1231	312
3270	1239	122
3278	1247	361
3297	1266	155
3306	1275	361
3325	1294	146
3349	1318	352
3351	1320	352
3352	1321	361
3358	1327	352
3361	1330	30
3362	1331	198
3363	1332	164
3384	1353	146
3395	1364	203
3406	1375	360
3436	1405	14
3440	1409	5
3442	1411	361
3444	1413	90
3448	1417	214
3459	1428	91
3471	1440	155
3472	1441	361
3474	1443	361
3477	1446	146
3495	1464	91
3504	1473	140
3505	1474	312
3508	1477	155
3452	1421	13
3512	1481	128
3515	1484	335
3539	1508	4
3543	1512	312
3544	1513	312
3564	1533	94
3568	1537	146
3571	1540	146
3576	1545	71
3578	1547	146
3596	1565	42
3632	1601	291
3639	1608	198
3675	1644	155
3678	1647	90
3679	1648	146
3685	1654	198
3693	1662	34
3582	1551	4
3667	1636	4
3699	1668	361
3700	1669	184
3755	1724	155
3759	1728	282
3763	1732	198
3777	1746	146
3782	1751	128
3813	1782	3
3821	1790	353
3840	1809	361
3843	1812	361
3865	1834	352
3871	1840	216
3874	1843	352
3714	1683	4
3812	1781	13
3885	1854	91
3896	1865	91
3917	1886	116
3925	1894	361
3936	1905	325
3937	1906	312
3969	1938	198
4027	1996	361
4037	2006	185
4042	2011	141
4047	2016	155
4060	2033	146
4061	2034	146
4062	2035	146
4063	2036	146
4064	2037	146
4065	2032	146
4066	2029	312
4067	2030	312
4068	2031	312
3029	998	91
2933	902	4
3319	1288	4
3750	1719	4
\.


--
-- Name: char_houses_charhouse_id_seq; Type: SEQUENCE SET; Schema: public; Owner: vagrant
--

SELECT pg_catalog.setval('char_houses_charhouse_id_seq', 4068, true);


--
-- Data for Name: char_titles; Type: TABLE DATA; Schema: public; Owner: vagrant
--

COPY char_titles (chartitle_id, char_id, title_id) FROM stdin;
9329	28	447
9350	63	251
9371	99	251
9372	99	395
9387	115	410
9388	116	417
9401	137	251
9402	137	27
9408	147	298
9409	147	373
9410	147	7
9412	150	298
9415	153	251
9416	153	23
9417	153	274
9436	183	251
9437	183	34
9438	183	155
9455	216	209
9457	221	115
9470	253	325
9471	253	202
9482	264	147
9484	272	251
9485	272	356
9496	288	251
9497	288	256
9498	288	320
9512	316	183
9515	327	142
9516	327	309
9517	327	219
9518	327	166
9519	327	184
9534	342	185
9535	342	425
9553	368	447
9568	383	251
9569	383	105
9570	383	353
9571	383	275
9580	388	392
9581	388	419
9582	388	259
9583	388	92
9584	388	56
9585	388	276
9586	388	312
9592	393	322
9612	427	251
9613	427	384
9614	427	250
9615	427	243
9622	438	251
9633	468	251
9634	468	10
9635	470	251
9640	479	304
9641	479	363
9643	483	311
9664	507	251
9665	507	87
9666	507	319
9667	508	341
9668	508	407
9669	508	243
9670	508	219
9671	508	83
9749	635	251
9780	685	251
9781	685	31
9801	716	425
9802	726	89
9803	726	230
9824	756	136
9849	788	182
9850	788	385
9851	788	97
9852	788	248
9859	806	294
9860	806	266
9864	810	299
9884	832	251
9885	832	121
9886	833	267
9887	835	251
9888	835	301
9898	850	251
9899	850	409
9900	850	335
9901	851	251
9902	851	191
9903	852	412
9904	852	207
9923	875	293
9924	875	127
9932	890	185
9933	890	197
9949	912	9
9950	912	3
9951	912	258
9952	912	243
9956	920	178
9962	925	127
9963	927	151
9972	937	251
9973	937	255
9975	939	263
9977	947	33
9987	974	251
9988	974	305
9989	974	192
9990	974	219
9997	998	251
9998	998	268
10004	1016	223
10025	1044	342
10031	1054	251
10032	1054	19
10037	1062	349
10081	1111	6
10082	1114	423
10083	1116	76
10084	1116	442
10085	1116	358
10086	1116	264
10087	1116	243
10088	1116	260
10091	1124	265
10098	1135	251
10137	1222	251
10139	1226	227
10140	1226	254
10141	1227	25
10148	1239	113
10154	1247	311
10175	1288	298
10195	1321	311
10197	1327	372
10198	1327	251
10200	1330	345
10229	1364	262
10252	1405	51
10253	1405	294
10254	1405	207
10255	1405	30
10257	1411	311
10258	1411	324
10259	1413	395
10265	1428	233
10274	1441	425
10289	1464	247
10293	1473	90
10294	1473	39
10295	1474	185
10296	1474	357
10299	1481	366
10300	1481	375
10301	1481	305
10304	1484	431
10305	1484	341
10306	1484	102
10322	1508	403
10323	1508	81
10324	1508	305
10325	1508	353
10328	1512	195
10329	1512	251
10347	1533	136
10349	1537	341
10350	1537	407
10352	1540	147
10353	1540	332
10357	1545	9
10358	1545	3
10359	1545	258
10372	1565	251
10373	1565	399
10374	1565	439
10431	1636	359
10432	1636	4
10437	1648	298
10445	1662	5
10454	1683	298
10470	1728	231
10472	1732	251
10483	1746	249
10504	1782	147
10505	1782	316
10506	1782	237
10508	1790	208
10516	1809	376
10517	1809	108
10518	1809	61
10519	1809	398
10520	1809	307
10521	1809	314
10533	1834	372
10549	1854	116
10550	1854	122
10551	1854	389
10560	1865	240
10561	1865	86
10562	1865	22
10563	1865	243
10564	1865	107
10573	1886	251
10574	1886	221
10582	1894	386
10583	1894	138
10594	1906	350
10595	1906	419
10596	1906	219
10605	1938	175
\.


--
-- Name: char_titles_chartitle_id_seq; Type: SEQUENCE SET; Schema: public; Owner: vagrant
--

SELECT pg_catalog.setval('char_titles_chartitle_id_seq', 10640, true);


--
-- Data for Name: characters; Type: TABLE DATA; Schema: public; Owner: vagrant
--

COPY characters (char_id, char_name, char_male, char_dead) FROM stdin;
81	Alys Karstark	f	Unknown
116	Anya Waynwood	f	Unknown
99	Amory Lorch	t	Totally
115	Areo Hotah	t	Totally
28	Maester Aemon	t	Totally
147	Asha Greyjoy	f	Unknown
264	Bran Stark	t	Unknown
272	Bronn	t	Unknown
253	Bowen Marsh	t	Totally
221	Beric Dondarrion	t	Sorta
174	Barra	f	Totally
153	Axell Florent	t	Totally
238	Biter	t	Totally
183	Barristan Selmy	t	Totally
277	Brienne of Tarth	f	Not yet..
150	Arya Stark	f	Not yet..
288	Brynden Tully	t	Unknown
321	Chella	f	Unknown
342	Cohollo	t	Unknown
372	Daario Naharis	t	Unknown
383	Daemon I Blackfyre	t	Unknown
393	Dagmer	t	Unknown
361	Craster	t	Totally
327	Cersei Lannister	f	Not yet..
368	Cressen	t	Totally
388	Daenerys Targaryen	f	Not yet..
427	Davos Seaworth	t	Unknown
438	Denys Mallister	t	Unknown
468	Donnel Waynwood	f	Unknown
500	Eddison Tollett	t	Unknown
507	Edmure Tully	t	Unknown
476	Dorea Sand	f	Totally
526	Ellaria Sand	f	Totally
455	Dickon Tarly	t	Totally
483	Drogo	t	Totally
470	Dontos Hollard	t	Totally
473	Doreah	f	Totally
479	Doran Martell	t	Totally
575	Farlen	t	Unknown
635	Gendry	t	Unknown
678	Grenn	t	Totally
571	Euron Greyjoy	t	Not yet..
647	Gilly	f	Not yet..
680	Grey Worm	t	Not yet..
716	Haggo	t	Unknown
726	Hallyne	t	Unknown
756	Harrion Karstark	t	Unknown
803	Hot Pie	t	Unknown
810	Howland Reed	t	Unknown
833	Illyrio Mopatis	t	Unknown
835	Imry Florent	t	Unknown
791	Hizdahr zo Loraq	t	Totally
796	Hodor	t	Totally
836	Irri	f	Totally
788	High Sparrow	t	Totally
832	Ilyn Payne	t	Not yet..
848	Jaqen H'ghar	t	Unknown
851	Jaremy Rykker	t	Unknown
889	Jhiqui	f	Unknown
890	Jhogo	t	Unknown
919	Jon Umber (Smalljon)	t	Unknown
920	Jon Umber (Greatjon)	t	Unknown
927	Jonos Bracken	t	Unknown
912	Jon Arryn	t	Sorta
939	Jory Cassel	t	Totally
900	Jojen Reed	t	Totally
852	Janos Slynt	t	Totally
875	Jeor Mormont	t	Totally
976	Kraznys mo Nakloz	t	Totally
947	Joyeuse Erenford	f	Totally
850	Jaime Lannister	t	Not yet..
937	Jorah Mormont	t	Not yet..
902	Joffrey Baratheon	t	Totally
1016	Leo Lefford	t	Unknown
1044	Lollys Stokeworth	f	Unknown
1051	Lorren	t	Unknown
1083	Lyanna Mormont	f	Unknown
1114	Maege Mormont	f	Unknown
1123	Maerie (Whore)	f	Unknown
1093	Lyanna Stark	t	Totally
998	Lancel Lannister	t	Totally
1041	Lommy Greenhands	t	Totally
1111	Lysa Arryn	f	Totally
1116	Mace Tyrell	t	Totally
1062	Lothar Frey	t	Totally
1125	Maggy	t	Unknown
1146	Marillion	t	Unknown
1187	Meera Reed	f	Unknown
1193	Melara Hetherspoon	t	Unknown
1200	Melessa Florent	f	Unknown
1206	Melisandre	f	Unknown
1223	Mikken	t	Unknown
1227	Moelle	f	Unknown
1239	Moqorro	t	Unknown
1226	Mirri Maz Duur	f	Totally
1134	Mance Rayder	t	Totally
1124	Mago	t	Totally
1180	Matthos Seaworth	t	Totally
1135	Mandon Moore	t	Totally
1215	Mero	f	Totally
1266	Mully	t	Totally
1247	Moro	t	Totally
1231	Missandei	f	Not yet..
1294	Nan	f	Unknown
1321	Ogo	t	Unknown
1330	Olenna Redwyne	f	Unknown
1331	Olyvar Frey	t	Unknown
1364	Othell Yarwyck	t	Totally
1318	Nymeria Sand	f	Totally
1275	Mycah	t	Totally
1288	Myrcella Baratheon	f	Totally
1375	Oznak zo Pahl	t	Totally
1327	Oberyn Martell	t	Totally
1353	Osha	f	Totally
1320	Obara Sand	f	Totally
1409	Podrick Payne	t	Unknown
1411	Pono	t	Unknown
1421	Puddingfoot	f	Unknown
1443	Quaithe	f	Unknown
1446	Quent	t	Unknown
1464	Qyburn	t	Unknown
1513	Rhaego	t	Unknown
1545	Robert Arryn	t	Unknown
1540	Rickon Stark	t	Totally
1440	Qhorin Halfhand	t	Totally
1537	Rickard Stark	t	Totally
1477	Rast	t	Totally
1512	Rhaegar Targaryen	t	Totally
1441	Qotho	t	Totally
1474	Rakharo	t	Totally
1533	Rickard Karstark	t	Totally
1417	Prendahl na Ghezn	t	Totally
1473	Ralf Kenning	t	Totally
1428	Pycelle	t	Totally
1484	Ramsay Snow	t	Totally
1413	Polliver	t	Totally
1608	Roslin Frey	t	Unknown
1636	Salladhor Saan	t	Unknown
1654	Sarra Frey	f	Unknown
1662	Selwyn Tarth	t	Unknown
1669	Shagga	t	Unknown
1551	Robert Baratheon	t	Totally
1601	Rorge	t	Totally
1565	Rodrik Cassel	t	Totally
1683	Shireen Baratheon	f	Totally
1668	Shae	f	Totally
1648	Sansa Stark	f	Not yet..
1732	Stevron Frey	t	Unknown
1751	Talla Tarly	t	Unknown
1782	Theon Greyjoy	t	Unknown
1790	Timett	t	Unknown
1724	Stiv	t	Totally
1728	Styr	t	Totally
1719	Stannis Baratheon	t	Totally
1781	Thoros of Myr	t	Totally
1809	Tormund	t	Not yet..
1746	Syrio Forel	t	Totally
1840	Tycho Nestoris	t	Unknown
1854	Tyrion Lannister	t	Unknown
1905	Waif	f	Unknown
1906	Viserys Targaryen	t	Totally
1865	Tywin Lannister	t	Totally
1886	Vardis Egen	t	Totally
1834	Trystane Martell	t	Totally
1843	Tyene Sand	f	Totally
1894	Varys	t	Not yet..
2029	Viserion (Dragon)	t	Undead
2030	Rhaegal (Dragon)	t	Not yet..
2031	Drogon (Dragon)	t	Not yet..
2033	Lady (Direwolf)	t	Totally
2034	Greywind (Direwolf)	t	Totally
2035	Summer (Direwolf)	t	Totally
2036	Ghost (Direwolf)	t	Not yet..
2037	Nymeria (Direwolf)	t	Not yet..
2032	Shaggydog (Direwolf)	t	Totally
508	Eddard Stark	t	Totally
1547	Robb Stark	t	Totally
316	Catelyn Stark	f	Totally
137	Arthur Dayne	t	Totally
685	Gregor Clegane	t	Sorta
1647	Sandor Clegane	t	Not yet..
2016	Yoren	t	Totally
2006	Xaro Xhoan Daxos	t	Totally
1508	Renly Baratheon	t	Totally
806	Hoster Tully	t	Totally
1122	Mag Mar Tun Doh Weg	t	Totally
2011	Ygritte	f	Totally
1222	Meryn Trant	t	Totally
63	Alliser Thorne	t	Totally
1996	Wun Weg Wun Dar Wun	t	Totally
974	Kevan Lannister	t	Totally
1054	Loras Tyrell	t	Totally
1812	Tommen Baratheon	t	Totally
1938	Walder Frey	t	Totally
1481	Randyll Tarly	t	Totally
1405	Petyr Baelish	t	Totally
169	Balon Greyjoy	t	Not yet..
1644	Samwell Tarly	t	Not yet..
1332	Olenna Tyrell	f	Totally
216	Benjen Stark	t	Totally
925	Jon Snow	t	Sorta
\.


--
-- Name: characters_char_id_seq; Type: SEQUENCE SET; Schema: public; Owner: vagrant
--

SELECT pg_catalog.setval('characters_char_id_seq', 2037, true);


--
-- Data for Name: episodes; Type: TABLE DATA; Schema: public; Owner: vagrant
--

COPY episodes (ep_id, ep_season, ep_name) FROM stdin;
1	1	The Kingsroad
2	1	Lord Snow
3	1	Winter Is Coming
4	1	The Wolf and the Lion
5	1	Cripples, Bastards, and Broken Things
6	1	A Golden Crown
7	1	You Win or You Die
8	1	Fire and Blood
9	1	Baelor
10	1	The Pointy End
11	2	The North Remembers
12	2	The Night Lands
13	2	What Is Dead May Never Die
14	2	Garden of Bones
15	2	The Ghost of Harrenhal
16	2	The Old Gods and the New
17	2	A Man Without Honor
18	2	The Prince of Winterfell
19	2	Valar Morghulis
20	2	Blackwater
21	3	Valar Dohaeris
22	3	Dark Wings, Dark Words
23	3	Walk of Punishment
24	3	And Now His Watch Is Ended
25	3	Kissed by Fire
26	3	The Climb
27	3	Second Sons
28	3	The Bear and the Maiden Fair
29	3	The Rains of Castamere
30	3	Mhysa
31	4	Two Swords
32	4	Breaker of Chains
33	4	The Lion and the Rose
34	4	Oathkeeper
35	4	First of His Name
36	4	Mockingbird
37	4	The Mountain and the Viper
38	4	The Laws of Gods and Men
39	4	The Children
40	4	The Watchers on the Wall
41	5	The House of Black and White
42	5	The Wars to Come
43	5	High Sparrow
44	5	Kill the Boy
45	5	Sons of the Harpy
46	5	Unbowed, Unbent, Unbroken
47	5	The Gift
48	5	Hardhome
49	5	The Dance of Dragons
50	5	Mother's Mercy
\.


--
-- Name: episodes_ep_id_seq; Type: SEQUENCE SET; Schema: public; Owner: vagrant
--

SELECT pg_catalog.setval('episodes_ep_id_seq', 50, true);


--
-- Data for Name: houses; Type: TABLE DATA; Schema: public; Owner: vagrant
--

COPY houses (house_id, house_name) FROM stdin;
1	Baelish of Harrenhal
2	Plumm
3	Greyjoy
4	Baratheon
5	Payne
6	Crakehall
7	Penrose
8	Morrigen
9	Heddle
10	Mudd
11	Fowler
12	Second Sons
13	Brotherhood without Banners
14	Baelish
15	Templeton
16	Hornwood
17	Horpe
19	Grandison
20	Kettleblack
21	Rykker
22	Wylde
23	Beesbury
24	Reed
25	Conklyn
26	Umber
27	Durrandon
28	Vance
29	wildling
30	Redwyne
31	Glover
32	Gargalen
33	Uffering
34	Tarth
35	Wynch
36	Swyft
37	Ghazeen
38	Butterwell
39	Hardy
40	Grell
41	Velaryon
42	Cassel
43	Chelsted
44	Leek
45	Deddings
46	Slate
47	Flint of Widow's Watch
48	Windblown
49	Fell
50	Kingdom of the Three Daughters
51	Cerwyn
52	Mooton
53	Inchfield
54	Brax
55	Bar Emmon
56	Undying Ones
57	Musgood
58	Westerling
59	Darry
60	Greenfield
61	Locke
62	Varner
63	Farman
64	Belgrave
65	Tollett
66	Rowan
67	Condon
68	Dayne
69	Farwynd
70	Sparr
71	Arryn
72	Redbeard
73	Bolling
74	Wull
75	Toyne
76	Blackmont
77	Mallister
78	Peake
79	Leygood
80	Gower
81	Bettley
82	Osgrey
83	Lynderly
84	Bracken
85	Blackbar
86	Blackberry
87	Kingsguard
88	Yronwood
89	Ruttiger
90	Clegane
91	Lannister
92	Cupps
93	Grimm
94	Karstark
95	Pureborn
96	Broom
98	Bywater
99	Qorgyle
100	Gardener
101	Hightower
102	Rhoynar
103	Wode
104	Willum
105	Estren
106	Blanetree
107	Hastwyck
108	Bushy
109	Hewett
110	Foote
111	Maesters
112	Redfort
113	Longthorpe
114	Bulwer
115	Potter
116	Egen
117	Mormont
118	Kenning of Kayce
119	Farwynd of the Lonely Light
120	Toland
121	Blackwood
122	R'hllor
123	Tawney
124	Belmore
125	Lothston
126	Drumm
127	Ironmaker
128	Tarly
129	Loraq
130	Dondarrion
131	Stackspear
132	Ball
133	Queensguard
134	Rhysling
135	Charlton
136	Oakheart
137	Unsullied
138	Uller
139	Alchemists' Guild
140	Kenning of Harlaw
141	Mance Rayder
142	Mallery
143	Lychester
144	Staedmon
145	Golden Company
146	Stark
147	Royce of the Gates of the Moon
148	Merryweather
149	Hoare
150	Nymeros Martell
151	Santagar
152	Selmy
153	Kandaq
154	Estermont
155	Night's Watch
156	Sunglass
157	Drowned men
158	Crabb
159	Fossoway of New Barrel
160	Tallhart
161	Bolton
162	Caswell
163	Codd
164	Tyrell
165	Hogg
166	Marbrand
167	Jordayne
169	Peach
170	Vypren
171	Hetherspoon
172	Wythers
173	Stonehouse
174	Moreland
175	Grafton
176	Greyiron
177	Errol
178	Nayland
179	Longwaters
180	Gaunt
181	Harlaw
182	Buckler
183	Allyrion
184	Stone Crows
185	Thirteen
186	Mullendore
188	Ryswell
189	Brune of the Dyre Den
190	Galare
191	Cockshaw
192	Blount
193	Cafferen
194	Graceford
195	Manwoody
196	Greenhill
197	Banefort
198	Frey
199	Mollen
200	Strong
201	Coldwater
202	Norridge
203	Yarwyck
204	Byrch
205	Good Masters
206	Blacktyde
207	Fossoway of Cider Hall
208	Moore
209	Lefford
210	Penny
211	Band of Nine
212	Buckwell
213	The Citadel
214	Stormcrows
215	Haigh
216	Iron Bank of Braavos
218	Liddle
219	Corbray
220	Vikary
221	Slynt
222	Harlaw of Grey Garden
223	Hawick
224	Merlyn
225	Graces
226	Wise Masters
227	Company of the Cat
228	Woods
229	Yew
230	Norrey
231	Summer Islands
232	Shett of Gull Tower
233	Meadows
234	Reyne
235	Costayne
236	Vance of Wayfarer's Rest
237	Ryger
238	Kingswood Brotherhood
239	Thorne
240	Myre
241	Trant
242	Torrent
243	Whent
244	Woolfield
245	Peckledon
246	Risley
247	Cole
248	Waynwood
249	Massey
250	Khal
251	Piper
252	Reznak
253	Ashford
254	Staunton
255	Hunter
256	Drinkwater
257	Caron
258	Volmark
260	Hasty
261	Cox
262	Blackfyre
263	Botley
264	Prester
265	Three-eyed crow
266	Wagstaff
267	Jast
268	Turnberry
269	Mertyns
270	Swann
271	Florent
272	Goodbrother
273	Manderly
274	Wayn
275	Farring
276	Citadel
277	Vaith
278	Flint
279	Stout
280	Perreq
281	Crane
282	Thenn
283	Vance of Atranta
284	\N
285	Sawyer
286	Farrow
287	Chyttering
288	Celtigar
289	Harlaw of the Tower of Glimmering
290	Rosby
291	Brave Companions
292	Goodbrook
293	Seaworth
294	Sharp
295	Suggs
296	Stokeworth
297	Smallwood
298	Sarsfield
299	Lydden
300	Antler Men
301	Tully
302	Stonetree
303	Royce
304	Dayne of High Hermitage
305	Chester
306	Brune of Brownhollow
307	Strickland
308	Harclay
309	Boggs
310	Vyrwel
311	Erenford
312	Targaryen
313	Blacks
314	Harlaw of Harlaw Hall
315	Sea watch
317	Cuy
318	Tyrell of Brightwater Keep
319	Fossoway
320	Hollard
321	Frey of Riverrun
322	Lorch
323	Dalt
324	Rambton
325	Faceless Men
326	Faith of the Seven
327	Serry
328	Ambrose
329	Connington
330	Borrell
331	Goodbrother of Shatterstone
332	Happy Port
333	Poole
334	Spicer
335	Bolton of the Dreadfort
336	Hayford
337	City Watch of King's Landing
338	Chataya's brothel
339	Harlaw of Harridan Hill
340	Black Ears
341	Wells
342	Lonmouth
343	Dustin
344	Humble
345	Shepherd
346	Hunt
347	Paege
348	Moon Brothers
349	Darklyn
350	Weaver
351	Norcross
352	Martell
353	Burned Men
354	Roote
355	Clifton
356	Pemford
357	Webber
358	Sunderland
359	Hardyng
360	Pahl
361	No Affiliation
\.


--
-- Name: houses_house_id_seq; Type: SEQUENCE SET; Schema: public; Owner: vagrant
--

SELECT pg_catalog.setval('houses_house_id_seq', 361, true);


--
-- Data for Name: titles; Type: TABLE DATA; Schema: public; Owner: vagrant
--

COPY titles (title_id, title_name) FROM stdin;
1	The Knight of Ninestars
2	Dowager Queen
3	Defender of the Vale
4	Lord of Blackwater Bay
5	Lord of Evenfall Hall, The Evenstar
6	Lady of the Vale
7	Conqueror of Deepwood Motte
8	Lord of Grassy Vale
9	Lord of the Eyrie
10	Knight of the Gate
11	Lady of Hayford
12	Lord of Oakenshield
13	High Steward of Highgarden
14	Lord Norrey
15	Lord of Crows Nest
16	Captain of the Sea Song
17	Warden of the White Knife
18	The Bloodroyal
19	Lord Commander of the Rainbow Guard
20	Lord of Iron Holt
21	Lord of Hellholt
22	Warden of the West
23	Castellan of Dragonstone (formerly)
24	Lord of Brightwater (attainted)
25	Septa
26	Lord of Feastfires
27	Sword of the Morning
28	Master-at-arms of the Red Keep
29	Hand of the True King
30	Lord Protector of the Vale
31	Knight of Clegane's Keep
32	Red Priest
33	Lady of the Crossing
34	Lord Commander of the Kingsguard (former)
35	Lady of Dragonstone
36	Lord of Greenstone
37	Master of Coin
38	Master-at-arms at the Dun Fort
39	Commander
40	Commander of the garrison at White Harbor
41	Septon
42	Lady of the Dreadfort
43	Lord of Goldengrove
44	Lord Commander of the Queensguard
45	Lord of Sandstone
46	Master-at-arms at Storm's End
47	Commander of the Warrior's Sons
48	Lord of Rook's Rest
49	Lord of Ashford
50	Lord of Starpike, Dunstonbury (stripped) and Whitegrove (stripped)
51	Master of coin (formerly)
52	Lady of Acorn Hall
53	Lord of Wayfarer's Rest
54	Lord of Yronwood
55	Queen
56	Queen of Meereen
57	Lord of the Port
58	First Ranger (self-styled)
59	Lady of Ghost Hill
60	Captain of Red Jester
61	Husband to Bears
62	Blue Grace
63	Lord of Claw Isle
64	Castellan of Storm's End
65	Lord of Honeyholt
66	Lady of Greenstone
67	Warlock
68	Lady of Torrhe's Square
69	Lord of Crakehall
70	Lord admiral
71	Lord of the Grey Glen
72	Lord of Raventree Hall
73	Ser (in songs and tales)
74	Lady of Vaith
75	Seneschal of Sunspear
76	Lord of Highgarden
77	Keeper of the Night Lamp
78	Castellan of Karhold
79	Lord of the Deep Den
80	Captain of the Lord Quellon
81	Lord of Storm's End
82	Lord of Castamere
83	Regent
84	Voice of Oldtown
85	Grand admiral (master of ships)
86	Shield of Lannisport
87	Lord Paramount of the Trident (lost to Petyr Baelish)
88	Captain of the Mud Gate
89	Lord
90	Castellan
91	Lord of the Dreadfort
92	Breaker of Chains
93	Master-at-arms at the Red Keep
94	Lady of the Crag
95	The Knight of Brownhollow
96	Lord of Oldcastle
97	Father of the Faithful
98	Lord of Flint's Finger
99	Master-at-arms at Highgarden
100	Lord of Banefort
101	Lord of the Waters
102	Castellan of the Dreadfort
103	Undergaoler
104	Grand admiral
105	King of the Andals and the Rhoynar and the First Men (claimant)
106	Knight of the Order of the Green Hand
107	Savior of the City (of Kings Landing)
108	Horn-blower and Breaker of Ice
109	Captain of Swiftfin
110	Lord of Coldwater Burn
111	Priest of the Drowned God
112	Master-at-arms at Evenfall Hall
113	Slave of R'hllor
114	Prince of Summerhall
115	Lord of Blackhaven
116	Acting Hand of the King (former)
117	Defender of the Citadel
118	Lord of Strongsong
119	Castellan of Casterly Rock
120	The Knight of New Barrel
121	King's Justice
122	Master of coin (former)
123	Lord of Pebbleton
124	Lord of Maidenpool
125	Knight of Harvest Hall
126	Lady of Hornwood
127	Lord Commander of the Night's Watch
128	Lord of Goldgrass
129	Brother
130	Lady of the Leaves
131	Lord Admiral
132	Lord Steward of the Iron Islands
133	Lady of Goldengrove
134	Lady of the Eyrie
135	Green Grace
136	Lord of Karhold
137	Lady of Blackmont
138	Undergaoler (as Rugen)
139	Castellan of Brightwater Keep
140	Lord treasurer
141	Lord of Cerwyn
142	Light of the West
143	Lord of the Rain House
144	Lord of Hammerhorn
145	Lord of Sharp Point
146	Castellan of the Crag
147	Prince of Winterfell
148	Lady of Starpike
149	Lord of Dragonstone
150	Lord of Sweetport Sound
151	Lord of Stone Hedge
152	Lord of Atranta
153	Shield of the Faith
154	Knight of Spottswood
155	Hand of the Queen
156	King of Astapor
157	Lord Marshal of the Mander
158	Captain of the Wind Witch
159	Lord of the Marches (claimant)
160	Lady of Standfast
161	Lady of Runestone
162	Lord of Hornvale
163	Lord of Coldmoat
164	Lord Paramount of the Mander
165	Lord of Longbow Hall
166	Lady of Casterly Rock
167	Lord of Runestone
168	Lord of Broad Arch
169	Lord Harlaw of Harlaw
170	Captain of the guards at Riverrun
171	Proctor
172	Captain of the Nightflyer
173	Lord of Skyreach
174	Lord of the Three Towers
175	Lord of the Crossing
176	Master of coin
177	Captain of the Thunderer
178	Lord of the Last Hearth
179	Lord of the Marches
180	Knight of Cornfield
181	Master of horse at Winterfell
182	High Septon
183	Lady of Winterfell
184	Queen Regent
185	Ko
186	Warden of the Prince's Pass
187	Steward of Ten Towers
188	Lord Seneschal
189	Captain of the Lady Marya
190	Lady of Highgarden
191	acting First Ranger
192	Lord Regent
193	King of the Andals
194	Oarmaster
195	Prince of Dragonstone
196	High Steward of the Vale
197	Bloodrider
198	Goodman
199	Lady of Blackcrown
200	Master of the Iron Victory
201	Lord Liddle
202	First Steward
203	Lord of Shatterstone
204	Lord Treasurer
205	the Knight of Gull Tower
206	Lord of Wyndhall
207	Lord of Harrenhal
208	red hand
209	First Ranger
210	Lord of Longtable
211	Lady of Coldmoat
212	Lady of Haystack Hall
213	The Knight of Greenfield
214	Lord of the Crag
215	Master of Harlaw Hall
216	Commander of the City Watch of King's Landing
217	Lord of Gulltown
218	Warden of the Stoneway
219	Protector of the Realm
220	Lord of Salt Shore
221	Captain of the guards
222	Lord of Felwood
223	Lord of the Golden Tooth
224	the Knight of Saltpans
225	Elder Brother
226	Goodwife
227	Godswife
228	Lord of Longsister
229	Lord of the Tor
230	Wisdom
231	Magnar of Thenn
232	The Harlaw of Harlaw
233	Grand Maester
234	Lord of Blacktyde
235	Good Master
236	Lady Regent
237	Lord of the Iron Islands (by law of the green lands)
238	Lady of Darry
239	Seneschal
240	Lord of Casterly Rock
241	The Norrey
242	Master of ships
243	Hand of the King
244	Keeper of the Gates of the Moon
245	Lady of Deepwood Motte
246	Lord of the Arbor
247	Master of whisperers
248	Voice of the Seven on Earth
249	First Sword to the Sealord of Braavos, Water Dancer
250	Admiral of the Narrow Sea
251	Ser
252	Commander of Eastwatch-by-the-Sea
253	Captain of Cobblecat
254	Maegi
255	Lord of Bear Island (stripped)
256	Warden of the Southern Marches
257	The Wull
258	Warden of the East
259	Khaleesi of the Great Grass Sea
260	Master of ships (formerly)
261	Lord Commander of the City Watch of Oldtown
262	First Builder
263	Captain of the guard
264	Warden of the South
265	Bloodrider of Khal Jhaqo
266	Lord of Riverrun
267	Magister of Pentos
268	Lord of Darry
269	Lord of Duskendale
270	Lord of the Iron Islands
271	Khalakka
272	King
273	Master of Harridan Hill
274	Hand of the Queen (self-styled)
275	Protector of the Realm (claimant)
276	Queen of the Seven Kingdoms
277	Master of Grey Garden
278	Castellan of Torrhen's Square
279	King of Winter
280	Lord of Bitterbridge
281	Lord of the Lonely Light
282	Mistress of whisperers
283	The Liddle
284	Hand of the King (possibly)
285	King of the Iron Islands
286	Castellan of Pyke
287	Knight of Griffin's Roost
288	Lord of Redfort
289	Master-at-arms of Runestone
290	Lord of Nightsong
291	Lord of the Dyre Den
292	Lady of Harrenhal
293	Lord of Bear Island (formerly)
294	Lord Paramount of the Trident
295	Castellan of the Dun Fort
296	Lord Captain of the Iron Fleet
297	Steward of Winterfell
298	Princess
299	Lord of Greywater Watch
300	Big Bucket
301	Lord High Captain
302	Lord of White Harbor
303	King of the Stepstones and the Narrow Sea
304	Prince of Dorne
305	Master of laws
306	Lord of Old Wyk
307	Speaker to Gods
308	Prince of the Red Flower Vale
309	Queen Dowager
310	Master of Breakwater Castle
311	Khal
312	Princess of Dragonstone
313	Castellan of Sunspear
314	Father of Hosts
315	Admiral
316	Captain of Sea Bitch
317	Knight and Master of Standfast
318	Lord of Sweetsister
319	Lord of Riverrun (lost to Emmon Frey)
320	Knight of the Gate (formerly)
321	Master of the Tower of Glimmering
322	Captain of Foamdrinker
323	Defender of the Dispossessed
324	Ko (formerly)
325	Lord Steward
326	Castellan of Dragonstone
327	Lord Reaper of Pyke
328	Lord of Heart's Home
329	Lord of the Three Sisters
330	Captain of the Golden Storm (formerly)
331	Lord of the Red Dunes
332	Heir to Winterfell
333	Lady of Godsgrace
334	Lord of Uplands
335	Warden of the East (formerly)
336	Lord of Kayce
337	Lady of Tarbeck Hall
338	Lady of Widow's Watch
339	The Knight of Lemonwood
340	Lord of Sealskin Point
341	Lord of Winterfell
342	Lady of Stokeworth
343	Lord of Griffin's Roost
344	the Knight of Griffin's Roost
345	Dowager Lady of Highgarden
346	Lord of Castle Lychester
347	Lord of the Tides
348	Master of Torrhen's Square
349	Steward of the Twins
350	King of the Andals and the Rhoynar and the First Men
351	Lord of Barrowton
352	First Sword of Braavos
353	Lord of the Seven Kingdoms (claimant)
354	Lord of the Snakewood
355	Warden of the Stone Way
356	Lord Protector of Stokeworth
357	Bloodrider of Daenerys Targaryen
358	High Marshal of the Reach
359	Prince of the Narrow Sea
360	Lord of Pinkmaiden
361	Lady of Barrowton
362	Prince Regent
363	Lord of Sunspear
364	Lord of Stonehelm
365	Lord of Brightwater Keep
366	Lord of Horn Hill
367	Sealord of Braavos
368	Lady of Golden Tooth
369	Lord of Greenshield
370	Lord of Acorn Hall
371	Lord of Volmark
372	Prince
373	Captain of the Black Wind
374	Lord of Brightwater
375	Justiciar
376	Tall-talker
377	Lord of Kingsgrave
378	Shield of Sisterton
379	Captain of the guards for Winterfell
380	Lord of Southshield
381	Master of Deepwood Motte
382	Lord of Karl's Hold
383	Lord of Starpike
384	Lord of the Rainwood
385	His High Holiness
386	Master of Whisperers
387	Grand Master
388	Lord of the Rills
389	Lord of Casterly Rock (claimant)
390	King-Beyond-the-Wall
391	Lady of Old Oak
392	Queen of the Andals and the Rhoynar and the First Men
393	King in the North
394	Lord of Greyshield
395	Castellan of Harrenhal
396	Lady of Riverrun
397	Captain-General
398	The Mead-king of Ruddy Hall
399	Master-at-arms of Winterfell
400	Captain
401	King of the Wildlings
402	Lord of Blackcrown
403	Lord Paramount of the Stormlands
404	Beacon of the South
405	Lady of Cerwyn
406	Lord of Sunflower Hall
407	Warden of the North
408	Master-at-arms at Casterly Rock
409	Lord Commander of the Kingsguard
410	Captain of the Guard at Sunspear
411	Cupbearer
412	Commander of the City Watch
413	Master of Driftmark
414	Lord of Rosby
415	Lady of Duskendale
416	Chief Undergaoler
417	Lady of Ironoaks
418	Lord of Littlesister
419	Lord of the Seven Kingdoms
420	Lord of the Hightower
421	Lord of the Ten Towers
422	Knight of Sow's Horn
423	Lady of Bear Island
424	Captain of the Wraith
425	Bloodrider of Khal Drogo
426	Lord of Starfall
427	Lord of Fair Isle
428	Master-at-Arms
429	Lord of Harlaw
430	Knight of High Hermitage
431	Lord of the Hornwood
432	Castellan of Grandview
433	Tradesman-Captain
434	Harlaw of Harlaw
435	Archmaester
436	Queen of the Iron Islands
437	Storm King (briefly)
438	Commander of the Second Sons
439	Castellan of Winterfell
440	Lady
441	Steward of Ashford
442	Defender of the Marches
443	Black Bride
444	Steward
445	Lord of the Sandship
446	Defender of the Fords
447	Maester
448	Lord of Whitewalls
449	Castellan of Last Hearth
450	Lord of Lordsport
451	Prince of Dragonstone (renounced)
452	Heir to Lordsport
453	Lord of Seagard
454	Lord of Nightsong (claimant)
\.


--
-- Name: titles_title_id_seq; Type: SEQUENCE SET; Schema: public; Owner: vagrant
--

SELECT pg_catalog.setval('titles_title_id_seq', 454, true);


--
-- Name: char_eps_pkey; Type: CONSTRAINT; Schema: public; Owner: vagrant
--

ALTER TABLE ONLY char_eps
    ADD CONSTRAINT char_eps_pkey PRIMARY KEY (charep_id);


--
-- Name: char_houses_pkey; Type: CONSTRAINT; Schema: public; Owner: vagrant
--

ALTER TABLE ONLY char_houses
    ADD CONSTRAINT char_houses_pkey PRIMARY KEY (charhouse_id);


--
-- Name: char_titles_pkey; Type: CONSTRAINT; Schema: public; Owner: vagrant
--

ALTER TABLE ONLY char_titles
    ADD CONSTRAINT char_titles_pkey PRIMARY KEY (chartitle_id);


--
-- Name: characters_char_name_key; Type: CONSTRAINT; Schema: public; Owner: vagrant
--

ALTER TABLE ONLY characters
    ADD CONSTRAINT characters_char_name_key UNIQUE (char_name);


--
-- Name: characters_pkey; Type: CONSTRAINT; Schema: public; Owner: vagrant
--

ALTER TABLE ONLY characters
    ADD CONSTRAINT characters_pkey PRIMARY KEY (char_id);


--
-- Name: episodes_pkey; Type: CONSTRAINT; Schema: public; Owner: vagrant
--

ALTER TABLE ONLY episodes
    ADD CONSTRAINT episodes_pkey PRIMARY KEY (ep_id);


--
-- Name: houses_pkey; Type: CONSTRAINT; Schema: public; Owner: vagrant
--

ALTER TABLE ONLY houses
    ADD CONSTRAINT houses_pkey PRIMARY KEY (house_id);


--
-- Name: titles_pkey; Type: CONSTRAINT; Schema: public; Owner: vagrant
--

ALTER TABLE ONLY titles
    ADD CONSTRAINT titles_pkey PRIMARY KEY (title_id);


--
-- Name: char_eps_char_id_fkey; Type: FK CONSTRAINT; Schema: public; Owner: vagrant
--

ALTER TABLE ONLY char_eps
    ADD CONSTRAINT char_eps_char_id_fkey FOREIGN KEY (char_id) REFERENCES characters(char_id);


--
-- Name: char_eps_ep_id_fkey; Type: FK CONSTRAINT; Schema: public; Owner: vagrant
--

ALTER TABLE ONLY char_eps
    ADD CONSTRAINT char_eps_ep_id_fkey FOREIGN KEY (ep_id) REFERENCES episodes(ep_id);


--
-- Name: char_houses_char_id_fkey; Type: FK CONSTRAINT; Schema: public; Owner: vagrant
--

ALTER TABLE ONLY char_houses
    ADD CONSTRAINT char_houses_char_id_fkey FOREIGN KEY (char_id) REFERENCES characters(char_id);


--
-- Name: char_houses_house_id_fkey; Type: FK CONSTRAINT; Schema: public; Owner: vagrant
--

ALTER TABLE ONLY char_houses
    ADD CONSTRAINT char_houses_house_id_fkey FOREIGN KEY (house_id) REFERENCES houses(house_id);


--
-- Name: char_titles_char_id_fkey; Type: FK CONSTRAINT; Schema: public; Owner: vagrant
--

ALTER TABLE ONLY char_titles
    ADD CONSTRAINT char_titles_char_id_fkey FOREIGN KEY (char_id) REFERENCES characters(char_id);


--
-- Name: char_titles_title_id_fkey; Type: FK CONSTRAINT; Schema: public; Owner: vagrant
--

ALTER TABLE ONLY char_titles
    ADD CONSTRAINT char_titles_title_id_fkey FOREIGN KEY (title_id) REFERENCES titles(title_id);


--
-- Name: public; Type: ACL; Schema: -; Owner: postgres
--

REVOKE ALL ON SCHEMA public FROM PUBLIC;
REVOKE ALL ON SCHEMA public FROM postgres;
GRANT ALL ON SCHEMA public TO postgres;
GRANT ALL ON SCHEMA public TO PUBLIC;


--
-- PostgreSQL database dump complete
--

